{
  "data":[
    {
      "id": "1",
      "food": "〰〰โจ๊ก 🐔 🐷 🐟 🦐 〰〰",
      "cal": "1600",
      "content": "โจ๊ก 👉 1.5 ถ้วยตวง \r\n🐔 🐷 🐟 🦐 👉 2 ช้อนโต๊ะ หรือ\r\n🥚 ไข่ต้มสุก 👉 1 ฟอง\r\n🥕 ผัก 👉 1 ทัพพี\r\nกระเทียมเจียว 👉 2 ช้อนชา\r\n\r\n🗒 หมายเหตุ: ตัวอย่างผัก เช่น แครอท ขิง เห็ดหอม ถั่วลันเตา รวม ๆ กัน ถ้าไม่มีผักในมื้อนี้ อย่าลืมชดเชยผักมื้ออื่น ๆ นะคะ"
    },
    { 
      "id": "2",
      "food": "〰〰โจ๊ก 🐔 🐷 🐟 🦐 〰〰",
      "cal": "1700",
      "content": "โจ๊ก  👉  1.5 ถ้วยตวง \r\n🐔 🐷 🐟 🦐  👉  2 ช้อนโต๊ะ หรือ\r\n🥚 ไข่ต้มสุก  👉  1 ฟอง\r\n🥕 ผัก  👉  1 ทัพพี\r\nกระเทียมเจียว  👉  2 ช้อนชา\r\n\r\n🗒 หมายเหตุ: ตัวอย่างผัก เช่น แครอท ขิง เห็ดหอม ถั่วลันเตา รวม ๆ กัน ถ้าไม่มีผักในมื้อนี้ อย่าลืมชดเชยผักมื้ออื่น ๆ นะคะ"
    },
    { 
      "id": "3",
      "food": "〰〰โจ๊ก 🐔 🐷 🐟 🦐 〰〰",
      "cal": "1800",
      "content": "โจ๊ก  👉  1.5 ถ้วยตวง \r\n🐔 🐷 🐟 🦐  👉  2 ช้อนโต๊ะ และ\r\n🥚 ไข่ต้มสุก  👉  1 ฟอง\r\n🥕 ผัก  👉  1 ทัพพี\r\nกระเทียมเจียว  👉  2 ช้อนชา\r\n\r\n🗒 หมายเหตุ: ตัวอย่างผัก เช่น แครอท ขิง เห็ดหอม ถั่วลันเตา รวม ๆ กัน ถ้าไม่มีผักในมื้อนี้ อย่าลืมชดเชยผักมื้ออื่น ๆ นะคะ"
    },
    { 
      "id": "4",
      "food": "〰〰โจ๊ก 🐔 🐷 🐟 🦐 〰〰",
      "cal": "1900",
      "content": "โจ๊ก  👉  1.5 ถ้วยตวง \r\n🐔 🐷 🐟 🦐  👉  2 ช้อนโต๊ะ และ\r\n🥚 ไข่ต้มสุก  👉  1 ฟอง\r\n🥕 ผัก  👉  1 ทัพพี\r\nกระเทียมเจียว  👉  2 ช้อนชา\r\n\r\n🗒 หมายเหตุ: ตัวอย่างผัก เช่น แครอท ขิง เห็ดหอม ถั่วลันเตา รวม ๆ กัน ถ้าไม่มีผักในมื้อนี้ อย่าลืมชดเชยผักมื้ออื่น ๆ นะคะ"
    },
    {
      "id": "5",
      "food": "〰〰โจ๊ก 🐔 🐷 🐟 🦐 〰〰",
      "cal": "2000",
      "content": "โจ๊ก  👉  1.5 ถ้วยตวง \r\n🐔 🐷 🐟 🦐  👉  2 ช้อนโต๊ะ และ\r\n🥚 ไข่ต้มสุก  👉  1 ฟอง\r\n🥕 ผัก  👉  1 ทัพพี\r\nกระเทียมเจียว  👉  2 ช้อนชา\r\n\r\n🗒 หมายเหตุ: ตัวอย่างผัก เช่น แครอท ขิง เห็ดหอม ถั่วลันเตา รวม ๆ กัน ถ้าไม่มีผักในมื้อนี้ อย่าลืมชดเชยผักมื้ออื่น ๆ นะคะ"
    },
    { 
      "id": "6",
      "food": "〰〰โจ๊ก 🐔 🐷 🐟 🦐 〰〰",
      "cal": "2100",
      "content": "โจ๊ก  👉  1.5 ถ้วยตวง \r\n🐔 🐷 🐟 🦐  👉  2 ช้อนโต๊ะ และ\r\n🥚 ไข่ต้มสุก  👉  1 ฟอง\r\n🥕 ผัก  👉  1 ทัพพี\r\nกระเทียมเจียว  👉  2 ช้อนชา\r\n\r\n🗒 หมายเหตุ: ตัวอย่างผัก เช่น แครอท ขิง เห็ดหอม ถั่วลันเตา รวม ๆ กัน ถ้าไม่มีผักในมื้อนี้ อย่าลืมชดเชยผักมื้ออื่น ๆ นะคะ"
    },
    {
      "id": "7",
      "food": "〰〰โจ๊ก 🐔 🐷 🐟 🦐 〰〰",
      "cal": "2200",
      "content": "โจ๊ก  👉  1.5 ถ้วยตวง \r\n🐔 🐷 🐟 🦐  👉  2 ช้อนโต๊ะ และ\r\n🥚 ไข่ต้มสุก  👉  1 ฟอง\r\n🥕 ผัก  👉  1 ทัพพี\r\nกระเทียมเจียว  👉  3 ช้อนชา\r\n\r\n🗒 หมายเหตุ: ตัวอย่างผัก เช่น แครอท ขิง เห็ดหอม ถั่วลันเตา รวม ๆ กัน ถ้าไม่มีผักในมื้อนี้ อย่าลืมชดเชยผักมื้ออื่น ๆ นะคะ"
    },
    {
      "id": "8",
      "food": "〰〰โจ๊ก 🐔 🐷 🐟 🦐 〰〰",
      "cal": "2300",
      "content": "โจ๊ก  👉  1.5 ถ้วยตวง \r\n🐔 🐷 🐟 🦐  👉  2 ช้อนโต๊ะ และ\r\n🥚 ไข่ต้มสุก  👉  1 ฟอง\r\n🥕 ผัก  👉  1 ทัพพี\r\nกระเทียมเจียว  👉  3 ช้อนชา\r\n\r\n🗒 หมายเหตุ: ตัวอย่างผัก เช่น แครอท ขิง เห็ดหอม ถั่วลันเตา รวม ๆ กัน ถ้าไม่มีผักในมื้อนี้ อย่าลืมชดเชยผักมื้ออื่น ๆ นะคะ"
    },
    {
      "id": "9",
      "food": "〰〰โจ๊ก 🐔 🐷 🐟 🦐 〰〰",
      "cal": "2400",
      "content": "โจ๊ก  👉  2 ถ้วยตวง \r\n🐔 🐷 🐟 🦐  👉  2 ช้อนโต๊ะ และ\r\n🥚 ไข่ต้มสุก  👉  1 ฟอง\r\n🥕 ผัก  👉  1 ทัพพี\r\nกระเทียมเจียว  👉  3 ช้อนชา\r\n\r\n🗒 หมายเหตุ: ตัวอย่างผัก เช่น แครอท ขิง เห็ดหอม ถั่วลันเตา รวม ๆ กัน ถ้าไม่มีผักในมื้อนี้ อย่าลืมชดเชยผักมื้ออื่น ๆ นะคะ"
    },
    {
      "id": "10",
      "food": "〰〰โจ๊ก 🐔 🐷 🐟 🦐 〰〰",
      "cal": "2500",
      "content": "โจ๊ก  👉  2 ถ้วยตวง \r\n🐔 🐷 🐟 🦐  👉  4 ช้อนโต๊ะ และ\r\n🥚 ไข่ต้มสุก  👉  1 ฟอง\r\n🥕 ผัก  👉  1 ทัพพี\r\nกระเทียมเจียว  👉  3 ช้อนชา\r\n\r\n🗒 หมายเหตุ: ตัวอย่างผัก เช่น แครอท ขิง เห็ดหอม ถั่วลันเตา รวม ๆ กัน ถ้าไม่มีผักในมื้อนี้ อย่าลืมชดเชยผักมื้ออื่น ๆ นะคะ"
    },
    {
      "id": "11",
      "food": "〰〰โจ๊ก 🐔 🐷 🐟 🦐 〰〰",
      "cal": "2600",
      "content": "โจ๊ก  👉  2 ถ้วยตวง \r\n🐔 🐷 🐟 🦐  👉  4 ช้อนโต๊ะ และ\r\n🥚 ไข่ต้มสุก  👉  1 ฟอง\r\n🥕 ผัก  👉  1 ทัพพี\r\nกระเทียมเจียว  👉  3 ช้อนชา\r\n\r\n🗒 หมายเหตุ: ตัวอย่างผัก เช่น แครอท ขิง เห็ดหอม ถั่วลันเตา รวม ๆ กัน ถ้าไม่มีผักในมื้อนี้ อย่าลืมชดเชยผักมื้ออื่น ๆ นะคะ"
    },
    {
      "id": "12",
      "food": "〰〰ข้าวต้มเครื่อง 🐔 🐷 🐟 🦐 〰〰",
      "cal": "1600",
      "content": "ข้าวต้ม  👉  1.5 ถ้วยตวง \r\n🐔 🐷 🐟 🦐  👉  4 ช้อนโต๊ะ\r\n🥕 ผัก  👉  1 ทัพพี\r\nกระเทียมเจียว  👉  2 ช้อนชา\r\n\r\n🗒 หมายเหตุ: ตัวอย่างผัก เช่น ต้นหอม ตำลึง ฯลฯ ถ้าไม่มีผักในมื้อนี้ อย่าลืมชดเชยผักมื้ออื่น ๆ นะคะ ถ้าเลือกหมูติดมัน อย่าลืมลดปริมาณกระเทียมเจียวนะคะ"
    },
    {
      "id": "13",
      "food": "〰〰ข้าวต้มเครื่อง 🐔 🐷 🐟 🦐 〰〰",
      "cal": "1700",
      "content": "ข้าวต้ม  👉  1.5 ถ้วยตวง \r\n🐔 🐷 🐟 🦐  👉  4 ช้อนโต๊ะ\r\n🥕 ผัก  👉  1 ทัพพี\r\nกระเทียมเจียว  👉  2 ช้อนชา\r\n\r\n🗒 หมายเหตุ: ตัวอย่างผัก เช่น ต้นหอม ตำลึง ฯลฯ ถ้าไม่มีผักในมื้อนี้ อย่าลืมชดเชยผักมื้ออื่น ๆ นะคะ ถ้าเลือกหมูติดมัน อย่าลืมลดปริมาณกระเทียมเจียวนะคะ"
    },    
    {
      "id": "14",
      "food": "〰〰ข้าวต้มเครื่อง 🐔 🐷 🐟 🦐 〰〰",
      "cal": "1800",
      "content": "ข้าวต้ม  👉  1.5 ถ้วยตวง \r\n🐔 🐷 🐟 🦐  👉  4 ช้อนโต๊ะ\r\n🥕 ผัก  👉  1 ทัพพี\r\nกระเทียมเจียว  👉  2 ช้อนชา\r\n\r\n🗒 หมายเหตุ: ตัวอย่างผัก เช่น ต้นหอม ตำลึง ฯลฯ ถ้าไม่มีผักในมื้อนี้ อย่าลืมชดเชยผักมื้ออื่น ๆ นะคะ ถ้าเลือกหมูติดมัน อย่าลืมลดปริมาณกระเทียมเจียวนะคะ"
    },
    {
      "id": "15",
      "food": "〰〰ข้าวต้มเครื่อง 🐔 🐷 🐟 🦐 〰〰",
      "cal": "1900",
      "content": "ข้าวต้ม  👉  1.5 ถ้วยตวง \r\n🐔 🐷 🐟 🦐  👉  4 ช้อนโต๊ะ\r\n🥕 ผัก  👉  1 ทัพพี\r\nกระเทียมเจียว  👉  2 ช้อนชา\r\n\r\n🗒 หมายเหตุ: ตัวอย่างผัก เช่น ต้นหอม ตำลึง ฯลฯ ถ้าไม่มีผักในมื้อนี้ อย่าลืมชดเชยผักมื้ออื่น ๆ นะคะ ถ้าเลือกหมูติดมัน อย่าลืมลดปริมาณกระเทียมเจียวนะคะ"
    },
    {
      "id": "16",
      "food": "〰〰ข้าวต้มเครื่อง 🐔 🐷 🐟 🦐 〰〰",
      "cal": "2000",
      "content": "ข้าวต้ม  👉  1.5 ถ้วยตวง \r\n🐔 🐷 🐟 🦐  👉  4 ช้อนโต๊ะ\r\n🥕 ผัก  👉  1 ทัพพี\r\nกระเทียมเจียว  👉  2 ช้อนชา\r\n\r\n🗒 หมายเหตุ: ตัวอย่างผัก เช่น ต้นหอม ตำลึง ฯลฯ ถ้าไม่มีผักในมื้อนี้ อย่าลืมชดเชยผักมื้ออื่น ๆ นะคะ ถ้าเลือกหมูติดมัน อย่าลืมลดปริมาณกระเทียมเจียวนะคะ"
    },
    {
      "id": "17",
      "food": "〰〰ข้าวต้มเครื่อง 🐔 🐷 🐟 🦐 〰〰",
      "cal": "2100",
      "content": "ข้าวต้ม  👉  1.5 ถ้วยตวง \r\n🐔 🐷 🐟 🦐  👉  4 ช้อนโต๊ะ\r\n🥕 ผัก  👉  1 ทัพพี\r\nกระเทียมเจียว  👉  2 ช้อนชา\r\n\r\n🗒 หมายเหตุ: ตัวอย่างผัก เช่น ต้นหอม ตำลึง ฯลฯ ถ้าไม่มีผักในมื้อนี้ อย่าลืมชดเชยผักมื้ออื่น ๆ นะคะ ถ้าเลือกหมูติดมัน อย่าลืมลดปริมาณกระเทียมเจียวนะคะ"
    },
    {
      "id": "18",
      "food": "〰〰ข้าวต้มเครื่อง 🐔 🐷 🐟 🦐 〰〰",
      "cal": "2200",
      "content": "ข้าวต้ม  👉  1.5 ถ้วยตวง \r\n🐔 🐷 🐟 🦐  👉  4 ช้อนโต๊ะ\r\n🥕 ผัก  👉  1 ทัพพี\r\nกระเทียมเจียว  👉  3 ช้อนชา\r\n\r\n🗒 หมายเหตุ: ตัวอย่างผัก เช่น ต้นหอม ตำลึง ฯลฯ ถ้าไม่มีผักในมื้อนี้ อย่าลืมชดเชยผักมื้ออื่น ๆ นะคะ ถ้าเลือกหมูติดมัน อย่าลืมลดปริมาณกระเทียมเจียวนะคะ"
    },
    {
      "id": "19",
      "food": "〰〰ข้าวต้มเครื่อง 🐔 🐷 🐟 🦐 〰〰",
      "cal": "2300",
      "content": "ข้าวต้ม  👉  1.5 ถ้วยตวง \r\n🐔 🐷 🐟 🦐  👉  4 ช้อนโต๊ะ\r\n🥕 ผัก  👉  1 ทัพพี\r\nกระเทียมเจียว  👉  3 ช้อนชา\r\n\r\n🗒 หมายเหตุ: ตัวอย่างผัก เช่น ต้นหอม ตำลึง ฯลฯ ถ้าไม่มีผักในมื้อนี้ อย่าลืมชดเชยผักมื้ออื่น ๆ นะคะ ถ้าเลือกหมูติดมัน อย่าลืมลดปริมาณกระเทียมเจียวนะคะ"
    },
    {
      "id": "20",
      "food": "〰〰ข้าวต้มเครื่อง 🐔 🐷 🐟 🦐 〰〰",
      "cal": "2400",
      "content": "ข้าวต้ม  👉  2 ถ้วยตวง \r\n🐔 🐷 🐟 🦐  👉  4 ช้อนโต๊ะ\r\n🥕 ผัก  👉  1 ทัพพี\r\nกระเทียมเจียว  👉  3 ช้อนชา\r\n\r\n🗒 หมายเหตุ: ตัวอย่างผัก เช่น ต้นหอม ตำลึง ฯลฯ ถ้าไม่มีผักในมื้อนี้ อย่าลืมชดเชยผักมื้ออื่น ๆ นะคะ ถ้าเลือกหมูติดมัน อย่าลืมลดปริมาณกระเทียมเจียวนะคะ"
    },
    {
      "id": "21",
      "food": "〰〰ข้าวต้มเครื่อง 🐔 🐷 🐟 🦐 〰〰",
      "cal": "2500",
      "content": "ข้าวต้ม  👉  2 ถ้วยตวง \r\n🐔 🐷 🐟 🦐  👉  6 ช้อนโต๊ะ\r\n🥕 ผัก  👉  1 ทัพพี\r\nกระเทียมเจียว  👉  3 ช้อนชา\r\n\r\n🗒 หมายเหตุ: ตัวอย่างผัก เช่น ต้นหอม ตำลึง ฯลฯ ถ้าไม่มีผักในมื้อนี้ อย่าลืมชดเชยผักมื้ออื่น ๆ นะคะ ถ้าเลือกหมูติดมัน อย่าลืมลดปริมาณกระเทียมเจียวนะคะ"
    },
    {
      "id": "22",
      "food": "〰〰ข้าวต้มเครื่อง 🐔 🐷 🐟 🦐 〰〰",
      "cal": "2600",
      "content": "ข้าวต้ม  👉  2 ถ้วยตวง \r\n🐔 🐷 🐟 🦐  👉  6 ช้อนโต๊ะ\r\n🥕 ผัก  👉  1 ทัพพี\r\nกระเทียมเจียว  👉  3 ช้อนชา\r\n\r\n🗒 หมายเหตุ: ตัวอย่างผัก เช่น ต้นหอม ตำลึง ฯลฯ ถ้าไม่มีผักในมื้อนี้ อย่าลืมชดเชยผักมื้ออื่น ๆ นะคะ ถ้าเลือกหมูติดมัน อย่าลืมลดปริมาณกระเทียมเจียวนะคะ"
    },
    {
      "id": "23",
      "food": "〰〰 แซนวิช 🌮 〰〰",
      "cal": "1600",
      "content": "🍞 ขนมปังแซนวิช  👉  2 แผ่น หรือ \r\n🥓 แฮม  👉  1 แผ่น หรือ\r\n🧀 ชีส  👉  1 แผ่น\r\n🐟 ทูน่า,ปูอัด  👉  4 ช้อนโต๊ะ\r\nมายองเนส  👉  2 ช้อนชา\r\n🍅 มะเขือเทศ,ผักกาด  👉  1 ทัพพี\r\n\r\n🗒 หมายเหตุ: เลือกเนื้อสัตว์อย่างใดอย่างหนึ่ง ระหว่างแฮมชีส หรือทูน่า/ปูอัด นะคะ แล้วพยายามเติมผักไปในแซนด์วิชด้วย จะทำให้อาหารมีคุณค่าทางโภชนาการครบถ้วนค่ะ"
    },
    {
      "id": "24",
      "food": "〰〰 แซนวิช 🌮 〰〰",
      "cal": "1700",
      "content": "🍞 ขนมปังแซนวิช  👉  2 แผ่น หรือ \r\n🥓 แฮม  👉  1 แผ่น หรือ\r\n🧀 ชีส  👉  1 แผ่น\r\n🐟 ทูน่า,ปูอัด  👉  4 ช้อนโต๊ะ\r\nมายองเนส  👉  2 ช้อนชา\r\n🍅 มะเขือเทศ,ผักกาด  👉  1 ทัพพี\r\n\r\n🗒 หมายเหตุ: เลือกเนื้อสัตว์อย่างใดอย่างหนึ่ง ระหว่างแฮมชีส หรือทูน่า/ปูอัด นะคะ แล้วพยายามเติมผักไปในแซนด์วิชด้วย จะทำให้อาหารมีคุณค่าทางโภชนาการครบถ้วนค่ะ"
    },
    {
      "id": "25",
      "food": "〰〰 แซนวิช 🌮 〰〰",
      "cal": "1800",
      "content": "🍞 ขนมปังแซนวิช  👉  2 แผ่น\r\n🥓 แฮม  👉  1 แผ่น\r\n🧀 ชีส  👉  1 แผ่น\r\n🐟 ทูน่า,ปูอัด  👉  4 ช้อนโต๊ะ\r\nมายองเนส  👉  2 ช้อนชา\r\n🍅 มะเขือเทศ,ผักกาด  👉  1 ทัพพี\r\n\r\n🗒 หมายเหตุ: เลือกเนื้อสัตว์อย่างใดอย่างหนึ่ง ระหว่างแฮมชีส หรือทูน่า/ปูอัด นะคะ แล้วพยายามเติมผักไปในแซนด์วิชด้วย จะทำให้อาหารมีคุณค่าทางโภชนาการครบถ้วนค่ะ"
    },
    {
      "id": "26",
      "food": "〰〰 แซนวิช 🌮 〰〰",
      "cal": "1900",
      "content": "🍞 ขนมปังแซนวิช  👉  2 แผ่น\r\n🥓 แฮม  👉  1 แผ่น\r\n🧀 ชีส  👉  1 แผ่น\r\n🐟 ทูน่า,ปูอัด  👉  4 ช้อนโต๊ะ\r\nมายองเนส  👉  2 ช้อนชา\r\n🍅 มะเขือเทศ,ผักกาด  👉  1 ทัพพี\r\n\r\n🗒 หมายเหตุ: เลือกเนื้อสัตว์อย่างใดอย่างหนึ่ง ระหว่างแฮมชีส หรือทูน่า/ปูอัด นะคะ แล้วพยายามเติมผักไปในแซนด์วิชด้วย จะทำให้อาหารมีคุณค่าทางโภชนาการครบถ้วนค่ะ"
    },
    {
      "id": "27",
      "food": "〰〰 แซนวิช 🌮 〰〰",
      "cal": "2000",
      "content": "🍞 ขนมปังแซนวิช  👉  2 แผ่น\r\n🥓 แฮม  👉  1 แผ่น\r\n🧀 ชีส  👉  1 แผ่น\r\n🐟 ทูน่า,ปูอัด  👉  4 ช้อนโต๊ะ\r\nมายองเนส  👉  2 ช้อนชา\r\n🍅 มะเขือเทศ,ผักกาด  👉  1 ทัพพี\r\n\r\n🗒 หมายเหตุ: เลือกเนื้อสัตว์อย่างใดอย่างหนึ่ง ระหว่างแฮมชีส หรือทูน่า/ปูอัด นะคะ แล้วพยายามเติมผักไปในแซนด์วิชด้วย จะทำให้อาหารมีคุณค่าทางโภชนาการครบถ้วนค่ะ"
    },
    {
      "id": "28",
      "food": "〰〰 แซนวิช 🌮 〰〰",
      "cal": "2100",
      "content": "🍞 ขนมปังแซนวิช  👉  2 แผ่น\r\n🥓 แฮม  👉  1 แผ่น\r\n🧀 ชีส  👉  1 แผ่น\r\n🐟 ทูน่า,ปูอัด  👉  4 ช้อนโต๊ะ\r\nมายองเนส  👉  2 ช้อนชา\r\n🍅 มะเขือเทศ,ผักกาด  👉  1 ทัพพี\r\n\r\n🗒 หมายเหตุ: เลือกเนื้อสัตว์อย่างใดอย่างหนึ่ง ระหว่างแฮมชีส หรือทูน่า/ปูอัด นะคะ แล้วพยายามเติมผักไปในแซนด์วิชด้วย จะทำให้อาหารมีคุณค่าทางโภชนาการครบถ้วนค่ะ"
    },
    {
      "id": "29",
      "food": "〰〰 แซนวิช 🌮 〰〰",
      "cal": "2200",
      "content": "🍞 ขนมปังแซนวิช  👉  2 แผ่น\r\n🥓 แฮม  👉  1 แผ่น\r\n🧀 ชีส  👉  1 แผ่น\r\n🐟 ทูน่า,ปูอัด  👉  4 ช้อนโต๊ะ\r\nมายองเนส  👉  3 ช้อนชา\r\n🍅 มะเขือเทศ,ผักกาด  👉  1 ทัพพี\r\n\r\n🗒 หมายเหตุ: เลือกเนื้อสัตว์อย่างใดอย่างหนึ่ง ระหว่างแฮมชีส หรือทูน่า/ปูอัด นะคะ แล้วพยายามเติมผักไปในแซนด์วิชด้วย จะทำให้อาหารมีคุณค่าทางโภชนาการครบถ้วนค่ะ"
    },
    {
      "id": "30",
      "food": "〰〰 แซนวิช 🌮 〰〰",
      "cal": "2300",
      "content": "🍞 ขนมปังแซนวิช  👉  2 แผ่น\r\n🥓 แฮม  👉  1 แผ่น\r\n🧀 ชีส  👉  1 แผ่น\r\n🐟 ทูน่า,ปูอัด  👉  4 ช้อนโต๊ะ\r\nมายองเนส  👉  3 ช้อนชา\r\n🍅 มะเขือเทศ,ผักกาด  👉  1 ทัพพี\r\n\r\n🗒 หมายเหตุ: เลือกเนื้อสัตว์อย่างใดอย่างหนึ่ง ระหว่างแฮมชีส หรือทูน่า/ปูอัด นะคะ แล้วพยายามเติมผักไปในแซนด์วิชด้วย จะทำให้อาหารมีคุณค่าทางโภชนาการครบถ้วนค่ะ"
    },
    {
      "id": "31",
      "food": "〰〰 แซนวิช 🌮 〰〰",
      "cal": "2400",
      "content": "🍞 ขนมปังแซนวิช  👉  3 แผ่น\r\n🥓 แฮม  👉  1 แผ่น\r\n🧀 ชีส  👉  1 แผ่น\r\n🐟 ทูน่า,ปูอัด  👉  4 ช้อนโต๊ะ\r\nมายองเนส  👉  3 ช้อนชา\r\n🍅 มะเขือเทศ,ผักกาด  👉  1 ทัพพี\r\n\r\n🗒 หมายเหตุ: เลือกเนื้อสัตว์อย่างใดอย่างหนึ่ง ระหว่างแฮมชีส หรือทูน่า/ปูอัด นะคะ แล้วพยายามเติมผักไปในแซนด์วิชด้วย จะทำให้อาหารมีคุณค่าทางโภชนาการครบถ้วนค่ะ"
    },
    {
      "id": "32",
      "food": "〰〰 แซนวิช 🌮 〰〰",
      "cal": "2500",
      "content": "🍞 ขนมปังแซนวิช  👉  3 แผ่น\r\n🥓 แฮม  👉  1.5 แผ่น\r\n🧀 ชีส  👉  1.5 แผ่น\r\n🐟 ทูน่า,ปูอัด  👉  6 ช้อนโต๊ะ\r\nมายองเนส  👉  3 ช้อนชา\r\n🍅 มะเขือเทศ,ผักกาด  👉  1 ทัพพี\r\n\r\n🗒 หมายเหตุ: เลือกเนื้อสัตว์อย่างใดอย่างหนึ่ง ระหว่างแฮมชีส หรือทูน่า/ปูอัด นะคะ แล้วพยายามเติมผักไปในแซนด์วิชด้วย จะทำให้อาหารมีคุณค่าทางโภชนาการครบถ้วนค่ะ"
    },
    {
      "id": "33",
      "food": "〰〰 แซนวิช 🌮 〰〰",
      "cal": "2600",
      "content": "🍞 ขนมปังแซนวิช  👉  3 แผ่น\r\n🥓 แฮม  👉  1.5 แผ่น\r\n🧀 ชีส  👉  1.5 แผ่น\r\n🐟 ทูน่า,ปูอัด  👉  6 ช้อนโต๊ะ\r\nมายองเนส  👉  3 ช้อนชา\r\n🍅 มะเขือเทศ,ผักกาด  👉  1 ทัพพี\r\n\r\n🗒 หมายเหตุ: เลือกเนื้อสัตว์อย่างใดอย่างหนึ่ง ระหว่างแฮมชีส หรือทูน่า/ปูอัด นะคะ แล้วพยายามเติมผักไปในแซนด์วิชด้วย จะทำให้อาหารมีคุณค่าทางโภชนาการครบถ้วนค่ะ"
    },
    {
      "id": "34",
      "food": "〰〰 ข้าวเหนียวหมูปิ้ง 🐷 〰〰",
      "cal": "1600",
      "content": "ข้าวเหนียว  👉  1 ทัพพี \r\nหมูย่าง  👉  2 ไม้\r\n\r\n🗒 หมายเหตุ: เมนูนี้ไม่มีผัก อย่าลืมชดเชยผักมื้ออื่น ๆ นะคะ และพยายามเลือกหมูที่ไม่ติดมันมาก จะทำให้ได้ปริมาณไขมันลดลงค่ะ"
    },
    {
      "id": "35",
      "food": "〰〰 ข้าวเหนียวหมูปิ้ง 🐷 〰〰",
      "cal": "1700",
      "content": "ข้าวเหนียว  👉  1 ทัพพี \r\nหมูย่าง  👉  2 ไม้\r\n\r\n🗒 หมายเหตุ: เมนูนี้ไม่มีผัก อย่าลืมชดเชยผักมื้ออื่น ๆ นะคะ และพยายามเลือกหมูที่ไม่ติดมันมาก จะทำให้ได้ปริมาณไขมันลดลงค่ะ"
    },
    {
      "id": "36",
      "food": "〰〰 ข้าวเหนียวหมูปิ้ง 🐷 〰〰",
      "cal": "1800",
      "content": "ข้าวเหนียว  👉  1 ทัพพี \r\nหมูย่าง  👉  2 ไม้\r\n\r\n🗒 หมายเหตุ: เมนูนี้ไม่มีผัก อย่าลืมชดเชยผักมื้ออื่น ๆ นะคะ และพยายามเลือกหมูที่ไม่ติดมันมาก จะทำให้ได้ปริมาณไขมันลดลงค่ะ"
    },
    {
      "id": "37",
      "food": "〰〰 ข้าวเหนียวหมูปิ้ง 🐷 〰〰",
      "cal": "1900",
      "content": "ข้าวเหนียว  👉  1 ทัพพี \r\nหมูย่าง  👉  2 ไม้\r\n\r\n🗒 หมายเหตุ: เมนูนี้ไม่มีผัก อย่าลืมชดเชยผักมื้ออื่น ๆ นะคะ และพยายามเลือกหมูที่ไม่ติดมันมาก จะทำให้ได้ปริมาณไขมันลดลงค่ะ"
    },
    {
      "id": "38",
      "food": "〰〰 ข้าวเหนียวหมูปิ้ง 🐷 〰〰",
      "cal": "2000",
      "content": "ข้าวเหนียว  👉  1 ทัพพี \r\nหมูย่าง  👉  2 ไม้\r\n\r\n🗒 หมายเหตุ: เมนูนี้ไม่มีผัก อย่าลืมชดเชยผักมื้ออื่น ๆ นะคะ และพยายามเลือกหมูที่ไม่ติดมันมาก จะทำให้ได้ปริมาณไขมันลดลงค่ะ"
    },
    {
      "id": "39",
      "food": "〰〰 ข้าวเหนียวหมูปิ้ง 🐷 〰〰",
      "cal": "2100",
      "content": "ข้าวเหนียว  👉  1 ทัพพี \r\nหมูย่าง  👉  2 ไม้\r\n\r\n🗒 หมายเหตุ: เมนูนี้ไม่มีผัก อย่าลืมชดเชยผักมื้ออื่น ๆ นะคะ และพยายามเลือกหมูที่ไม่ติดมันมาก จะทำให้ได้ปริมาณไขมันลดลงค่ะ"
    },
    {
      "id": "40",
      "food": "〰〰 ข้าวเหนียวหมูปิ้ง 🐷 〰〰",
      "cal": "2200",
      "content": "ข้าวเหนียว  👉  1 ทัพพี \r\nหมูย่าง  👉  2 ไม้\r\n\r\n🗒 หมายเหตุ: เมนูนี้ไม่มีผัก อย่าลืมชดเชยผักมื้ออื่น ๆ นะคะ และพยายามเลือกหมูที่ไม่ติดมันมาก จะทำให้ได้ปริมาณไขมันลดลงค่ะ"
    },
    {
      "id": "41",
      "food": "〰〰 ข้าวเหนียวหมูปิ้ง 🐷 〰〰",
      "cal": "2300",
      "content": "ข้าวเหนียว  👉  1 ทัพพี \r\nหมูย่าง  👉  2 ไม้\r\n\r\n🗒 หมายเหตุ: เมนูนี้ไม่มีผัก อย่าลืมชดเชยผักมื้ออื่น ๆ นะคะ และพยายามเลือกหมูที่ไม่ติดมันมาก จะทำให้ได้ปริมาณไขมันลดลงค่ะ"
    },
    {
      "id": "42",
      "food": "〰〰 ข้าวเหนียวหมูปิ้ง 🐷 〰〰",
      "cal": "2400",
      "content": "ข้าวเหนียว  👉  1.5 ทัพพี \r\nหมูย่าง  👉  2 ไม้\r\n\r\n🗒 หมายเหตุ: เมนูนี้ไม่มีผัก อย่าลืมชดเชยผักมื้ออื่น ๆ นะคะ และพยายามเลือกหมูที่ไม่ติดมันมาก จะทำให้ได้ปริมาณไขมันลดลงค่ะ"
    },
    {
      "id": "43",
      "food": "〰〰 ข้าวเหนียวหมูปิ้ง 🐷 〰〰",
      "cal": "2500",
      "content": "ข้าวเหนียว  👉  1.5 ทัพพี \r\nหมูย่าง  👉  3 ไม้\r\n\r\n🗒 หมายเหตุ: เมนูนี้ไม่มีผัก อย่าลืมชดเชยผักมื้ออื่น ๆ นะคะ และพยายามเลือกหมูที่ไม่ติดมันมาก จะทำให้ได้ปริมาณไขมันลดลงค่ะ"
    },
    {
      "id": "44",
      "food": "〰〰 ข้าวเหนียวหมูปิ้ง 🐷 〰〰",
      "cal": "2600",
      "content": "ข้าวเหนียว  👉  1.5 ทัพพี \r\nหมูย่าง  👉  3 ไม้\r\n\r\n🗒 หมายเหตุ: เมนูนี้ไม่มีผัก อย่าลืมชดเชยผักมื้ออื่น ๆ นะคะ และพยายามเลือกหมูที่ไม่ติดมันมาก จะทำให้ได้ปริมาณไขมันลดลงค่ะ"
    },
    {
      "id": "45",
      "food": "〰〰 ชุดอาหารเช้า 〰〰",
      "cal": "1600",
      "content": "🍞 ขนมปังปิ้ง  👉  2 แผ่น \r\n🍳 ไข่ดาว  👉  1 ฟอง หรือ\r\nไส้กรอก  👉  1 แท่ง\r\n🍅 ผัก  👉  1 ทัพพี\r\n\r\n🗒 หมายเหตุ: ตัวอย่างผัก เช่น ผักกาดหอม มะเขือเทศ ฯลฯ ถ้าไม่มีผักในมื้อนี้ อย่าลืมชดเชยผักมื้ออื่น ๆ นะคะ พยายามเลือกไข่ดาวน้ำมันน้อยให้บ่อยกว่าไส้กรอกนะคะ"
    },
    {
      "id": "46",
      "food": "〰〰 ชุดอาหารเช้า 〰〰",
      "cal": "1700",
      "content": "🍞 ขนมปังปิ้ง  👉  2 แผ่น \r\n🍳 ไข่ดาว  👉  1 ฟอง หรือ\r\nไส้กรอก  👉  1 แท่ง\r\n🍅 ผัก  👉  1 ทัพพี\r\n\r\n🗒 หมายเหตุ: ตัวอย่างผัก เช่น ผักกาดหอม มะเขือเทศ ฯลฯ ถ้าไม่มีผักในมื้อนี้ อย่าลืมชดเชยผักมื้ออื่น ๆ นะคะ พยายามเลือกไข่ดาวน้ำมันน้อยให้บ่อยกว่าไส้กรอกนะคะ"
    },
    {
      "id": "47",
      "food": "〰〰 ชุดอาหารเช้า 〰〰",
      "cal": "1800",
      "content": "🍞 ขนมปังปิ้ง  👉  2 แผ่น \r\n🍳 ไข่ดาว  👉  1 ฟอง\r\nไส้กรอก  👉  1 แท่ง\r\n🍅 ผัก  👉  1 ทัพพี\r\n\r\n🗒 หมายเหตุ: ตัวอย่างผัก เช่น ผักกาดหอม มะเขือเทศ ฯลฯ ถ้าไม่มีผักในมื้อนี้ อย่าลืมชดเชยผักมื้ออื่น ๆ นะคะ พยายามเลือกไข่ดาวน้ำมันน้อยให้บ่อยกว่าไส้กรอกนะคะ"
    },
    {
      "id": "48",
      "food": "〰〰 ชุดอาหารเช้า 〰〰",
      "cal": "1900",
      "content": "🍞 ขนมปังปิ้ง  👉  2 แผ่น \r\n🍳 ไข่ดาว  👉  1 ฟอง\r\nไส้กรอก  👉  1 แท่ง\r\n🍅 ผัก  👉  1 ทัพพี\r\n\r\n🗒 หมายเหตุ: ตัวอย่างผัก เช่น ผักกาดหอม มะเขือเทศ ฯลฯ ถ้าไม่มีผักในมื้อนี้ อย่าลืมชดเชยผักมื้ออื่น ๆ นะคะ พยายามเลือกไข่ดาวน้ำมันน้อยให้บ่อยกว่าไส้กรอกนะคะ"
    },
    {
      "id": "49",
      "food": "〰〰 ชุดอาหารเช้า 〰〰",
      "cal": "2000",
      "content": "🍞 ขนมปังปิ้ง  👉  2 แผ่น \r\n🍳 ไข่ดาว  👉  1 ฟอง\r\nไส้กรอก  👉  1 แท่ง\r\n🍅 ผัก  👉  1 ทัพพี\r\n\r\n🗒 หมายเหตุ: ตัวอย่างผัก เช่น ผักกาดหอม มะเขือเทศ ฯลฯ ถ้าไม่มีผักในมื้อนี้ อย่าลืมชดเชยผักมื้ออื่น ๆ นะคะ พยายามเลือกไข่ดาวน้ำมันน้อยให้บ่อยกว่าไส้กรอกนะคะ"
    },
    {
      "id": "50",
      "food": "〰〰 ชุดอาหารเช้า 〰〰",
      "cal": "2100",
      "content": "🍞 ขนมปังปิ้ง  👉  2 แผ่น \r\n🍳 ไข่ดาว  👉  1 ฟอง\r\nไส้กรอก  👉  1 แท่ง\r\n🍅 ผัก  👉  1 ทัพพี\r\n\r\n🗒 หมายเหตุ: ตัวอย่างผัก เช่น ผักกาดหอม มะเขือเทศ ฯลฯ ถ้าไม่มีผักในมื้อนี้ อย่าลืมชดเชยผักมื้ออื่น ๆ นะคะ พยายามเลือกไข่ดาวน้ำมันน้อยให้บ่อยกว่าไส้กรอกนะคะ"
    },
    {
      "id": "51",
      "food": "〰〰 ชุดอาหารเช้า 〰〰",
      "cal": "2200",
      "content": "🍞 ขนมปังปิ้ง  👉  2 แผ่น \r\n🍳 ไข่ดาว  👉  1 ฟอง\r\nไส้กรอก  👉  1 แท่ง\r\n🍅 ผัก  👉  1 ทัพพี\r\n\r\n🗒 หมายเหตุ: ตัวอย่างผัก เช่น ผักกาดหอม มะเขือเทศ ฯลฯ ถ้าไม่มีผักในมื้อนี้ อย่าลืมชดเชยผักมื้ออื่น ๆ นะคะ พยายามเลือกไข่ดาวน้ำมันน้อยให้บ่อยกว่าไส้กรอกนะคะ"
    },
    {
      "id": "52",
      "food": "〰〰 ชุดอาหารเช้า 〰〰",
      "cal": "2300",
      "content": "🍞 ขนมปังปิ้ง  👉  2 แผ่น \r\n🍳 ไข่ดาว  👉  1 ฟอง\r\nไส้กรอก  👉  1 แท่ง\r\n🍅 ผัก  👉  1 ทัพพี\r\n\r\n🗒 หมายเหตุ: ตัวอย่างผัก เช่น ผักกาดหอม มะเขือเทศ ฯลฯ ถ้าไม่มีผักในมื้อนี้ อย่าลืมชดเชยผักมื้ออื่น ๆ นะคะ พยายามเลือกไข่ดาวน้ำมันน้อยให้บ่อยกว่าไส้กรอกนะคะ"
    },
    {
      "id": "53",
      "food": "〰〰 ชุดอาหารเช้า 〰〰",
      "cal": "2400",
      "content": "🍞 ขนมปังปิ้ง  👉  3 แผ่น \r\n🍳 ไข่ดาว  👉  1 ฟอง\r\nไส้กรอก  👉  1 แท่ง\r\n🍅 ผัก  👉  1 ทัพพี\r\n\r\n🗒 หมายเหตุ: ตัวอย่างผัก เช่น ผักกาดหอม มะเขือเทศ ฯลฯ ถ้าไม่มีผักในมื้อนี้ อย่าลืมชดเชยผักมื้ออื่น ๆ นะคะ พยายามเลือกไข่ดาวน้ำมันน้อยให้บ่อยกว่าไส้กรอกนะคะ"
    },
    {
      "id": "54",
      "food": "〰〰 ชุดอาหารเช้า 〰〰",
      "cal": "2500",
      "content": "🍞 ขนมปังปิ้ง  👉  3 แผ่น \r\n🍳 ไข่ดาว  👉  1 ฟอง\r\nไส้กรอก  👉  2 แท่ง\r\n🍅 ผัก  👉  1 ทัพพี\r\n\r\n🗒 หมายเหตุ: ตัวอย่างผัก เช่น ผักกาดหอม มะเขือเทศ ฯลฯ ถ้าไม่มีผักในมื้อนี้ อย่าลืมชดเชยผักมื้ออื่น ๆ นะคะ พยายามเลือกไข่ดาวน้ำมันน้อยให้บ่อยกว่าไส้กรอกนะคะ"

    },
    {
      "id": "55",
      "food": "〰〰 ชุดอาหารเช้า 〰〰",
      "cal": "2600",
      "content": "🍞 ขนมปังปิ้ง  👉  3 แผ่น \r\n🍳 ไข่ดาว  👉  1 ฟอง\r\nไส้กรอก  👉  2 แท่ง\r\n🍅 ผัก  👉  1 ทัพพี\r\n\r\n🗒 หมายเหตุ: ตัวอย่างผัก เช่น ผักกาดหอม มะเขือเทศ ฯลฯ ถ้าไม่มีผักในมื้อนี้ อย่าลืมชดเชยผักมื้ออื่น ๆ นะคะ พยายามเลือกไข่ดาวน้ำมันน้อยให้บ่อยกว่าไส้กรอกนะคะ"

    }   
    
  ]
}
