
{
  "data":[
    {
      "id": "กระจับต้ม",
      "content":"กระจับต้ม 70 กรัม 80 kcal",
      "cal": "80"
    },
    { 
      "id": "กระทงทองไส้ไก่",
      "content":"กระทงทองไส้ไก่ 3 ชิ้น 280 kcal",
      "cal": "280"
    },
    {
      "id": "กระทงทองไส้ข้าวโพด",
      "content":"กระทงทองไส้ข้าวโพด 3 ชิ้น 215 kcal",
      "cal": "215"
    },    
    {
      "id": "กระท้อนทรงเครื่อง",
      "content":"กระท้อนทรงเครื่อง 1 ผล 205 kcal",
      "cal": "205"
    },   
    {
      "id": "กระยาสารท",
      "content":"กระยาสารท 1x3 นิ้ว 210 kcal",
      "cal": "210"
    },   
    {
      "id": "กระเพาะปลา",
      "content":"กระเพาะปลา 1 ชาม 150 kcal",
      "cal": "150"
    },   
    {
      "id": "กระเพาะปลาตุ๋นน้ำแดง",
      "content":"กระเพาะปลาตุ๋นน้ำแดง 1 ถ้วย 225 kcal",
      "cal": "225"
    },   
    {
      "id": "กล้วยคลุกมะพร้าว",
      "content":"กล้วยคลุกมะพร้าว 1 ถ้วย 100 kcal",
      "cal": "100"
    },   
    {
      "id": "กล้วยฉาบ",
      "content":"กล้วยฉาบ 9 ชิ้น 200 kcal",
      "cal": "200"
    },   
    {
      "id": "กล้วยตาก",
      "content":"กล้วยตาก 1/2 ผล 60 kcal",
      "cal": "160"
    },   
    {
      "id": "กล้วยต้มจิ้มมะพร้าว",
      "content":"กล้วยต้มจิ้มมะพร้าว 1 จาน(2ผล) 180 kcal",
      "cal": "180"
    },   
    {
      "id": "กล้วยน้ำว้า",
      "content":"กล้วยน้ำว้า 1 ผล 60 kcal",
      "cal": "60"
    },   
    {
      "id": "กล้วยน้ำว้าปิ้ง",
      "content":"กล้วยน้ำว้าปิ้ง 1 ผล 90 kcal",
      "cal": ""
    },   
    {
      "id": "กล้วยบวชชี",
      "content":"กล้วยบวชชี 1 ถ้วย 230 kcal",
      "cal": "230"
    },   
    {
      "id": "กล้วยปิ้งชุบกะทิ",
      "content":"กล้วยปิ้งชุบกะทิ 1 ผล 145 kcal",
      "cal": "145"
    },   
    {
      "id": "กล้วยหอม",
      "content":"กล้วยหอม 1 ผล 120 kcal",
      "cal": "120"
    },   
    {
      "id": "กล้วยเล็บมือนาง",
      "content":"กล้วยเล็บมือนาง 2 ผล 60 kcal",
      "cal": "60"
    },   
    {
      "id": "กล้วยแขก",
      "content":"กล้วยแขก 3 ชิ้น 255 kcal",
      "cal": "255"
    },   
    {
      "id": "กล้วยไข่",
      "content":"กล้วยไข่ 1 ผล 60 kcal",
      "cal": "60"
    },   
    {
      "id": "กล้วยไข่เชื่อม",
      "content":"กล้วยไข่เชื่อม 1 จาน(2ผล) 177 kcal",
      "cal": "177"
    },   
    {
      "id": "กะละแม",
      "content":"กะละแม 3 ห่อเล็ก 195 kcal",
      "cal": "195"
    },   
    {
      "id": "กะหรี่พัฟ",
      "content":"กะหรี่พัฟ 2 ชิ้น 380 kcal",
      "cal": "380"
    },   
    {
      "id": "กาแฟร้อน",
      "content":"กาแฟร้อน 1 แก้ว 55 kcal",
      "cal": "55"
    },   
    {
      "id": "กาแฟเย็น",
      "content":"กาแฟเย็น 1 แก้ว 115 kcal",
      "cal": "115"
    },   
    {
      "id": "กุนเชียงทอด",
      "content":"กุนเชียงทอด 1 คู่เล็ก 240 kcal",
      "cal": "240"
    },   
    {
      "id": "กุ่ยช่าย(นึ่ง)",
      "content":"กุ่ยช่าย(นึ่ง) 1 อัน 140 kcal",
      "cal": "140"
    },   
    {
      "id": "กุ้งทอดกระเทียมพริกไทย",
      "content":"กุ้งทอดกระเทียมพริกไทย 3 ตัวกลาง 259 kcal",
      "cal": "259"
    },   
    {
      "id": "กุ้งนางนึ่งนมสด",
      "content":"กุ้งนางนึ่งนมสด 1 ถ้วย 185 kcal",
      "cal": "185"
    },   
    {
      "id": "กุ้งผัดพริกอ่อน",
      "content":"กุ้งผัดพริกอ่อน 1 จาน 235 kcal",
      "cal": "235"
    },   
    {
      "id": "กุ้งอบวุ้นเส้น",
      "content":"กุ้งอบวุ้นเส้น 1 จาน 300 kcal",
      "cal": "300"
    },   
    {
      "id": "ก๋วยจั๊บ",
      "content":"ก๋วยจั๊บ 1 ชาม 240 kcal",
      "cal": "240"
    },   
    {
      "id": "ก๋วยจั๊บญวณ",
      "content":"ก๋วยจั๊บญวณ 1 ถ้วย 235 kcal",
      "cal": "235"
    },   
    {
      "id": "ก๋วยเตี๋ยวคั่วไก่",
      "content":"ก๋วยเตี๋ยวคั่วไก่ 1 จาน 435 kcal",
      "cal": "435"
    },   
    {
      "id": "ก๋วยเตี๋ยวต้มยำกุ้ง",
      "content":"ก๋วยเตี๋ยวต้มยำกุ้ง 1 ถ้วย 320 kcal",
      "cal": "320"
    },   
    {
      "id": "ก๋วยเตี๋ยวผัดกระเพราไก่",
      "content":"ก๋วยเตี๋ยวผัดกระเพราไก่ 1 จาน 440 kcal",
      "cal": "440"
    },   
    {
      "id": "ก๋วยเตี๋ยวผัดไทยกุ้งสดใส่ไข่",
      "content":"ก๋วยเตี๋ยวผัดไทยกุ้งสดใส่ไข่ 1 จาน 545 kcal",
      "cal": "545"
    },   
    {
      "id": "ก๋วยเตี๋ยวราดหน้าปลากระพง",
      "content":"ก๋วยเตี๋ยวราดหน้าปลากระพง 1 จาน 435 kcal",
      "cal": "435"
    },   
    {
      "id": "ก๋วยเตี๋ยวหลอด",
      "content":"ก๋วยเตี๋ยวหลอด 1 จาน 225 kcal",
      "cal": "225"
    },   
    {
      "id": "ก๋วยเตี๋ยวเนื้อสับ",
      "content":"ก๋วยเตี๋ยวเนื้อสับ 1 จาน 370 kcal",
      "cal": "370"
    },   
    {
      "id": "ก๋วยเตี๋ยวเนื้อเรียง",
      "content":"ก๋วยเตี๋ยวเนื้อเรียง 1 ถ้วย 370 kcal",
      "cal": "370"
    },   
    {
      "id": "ก๋วยเตี๋ยวเรือน้ำตกน้ำ",
      "content":"ก๋วยเตี๋ยวเรือน้ำตกน้ำ 1 ถ้วย 180 kcal",
      "cal": "180"
    },   
    {
      "id": "ก๋วยเตี๋ยวเรือน้ำตกแห้ง",
      "content":"ก๋วยเตี๋ยวเรือน้ำตกแห้ง 1 ถ้วย 225 kcal",
      "cal": "225 "
    },   
    {
      "id": "ก๋วยเตี๋ยวเส้นปลาน้ำ",
      "content":"ก๋วยเตี๋ยวเส้นปลา น้ำ 1 ชาม 375",
      "cal": "375"
    },   
    {
      "id": "ก๋วยเตี๋ยวเส้นปลาแห้ง",
      "content":"ก๋วยเตี๋ยวเส้นปลา แห้ง 1 ชาม 420 kcal",
      "cal": "420"
    },   
    {
      "id": "ก๋วยเตี๋ยวเส้นเล็กต้มยำหมู",
      "content":"ก๋วยเตี๋ยวเส้นเล็กต้มยำหมู 1 ชาม 335 kcal",
      "cal": "335"
    },   
    {
      "id": "ก๋วยเตี๋ยวเส้นเล็กหมูแห้ง",
      "content":"ก๋วยเตี๋ยวเส้นเล็กหมูแห้ง 1 ชาม 330 kcal",
      "cal": "330"
    },   
    {
      "id": "ก๋วยเตี๋ยวเส้นใหญ่ผัดซีอิ๊วใส่ไข่",
      "content":"ก๋วยเตี๋ยวเส้นใหญ่ผัดซีอิ๊วใส่ไข่ 1 จาน 520 kcal",
      "cal": "520"
    },   
    {
      "id": "ก๋วยเตี๋ยวเส้นใหญ่ราดหน้าหมู",
      "content":"ก๋วยเตี๋ยวเส้นใหญ่ราดหน้าหมู 1 จาน 405 kcal",
      "cal": "405"
    },   
    {
      "id": "ก๋วยเตี๋ยวแขก",
      "content":"ก๋วยเตี๋ยวแขก 1 ถ้วย 380 kcal",
      "cal": "380"
    },   
    {
      "id": "ขนมกรวย",
      "content":"ขนมกรวย 3 กรวย 190 kcal",
      "cal": "190"
    },   
    {
      "id": "ขนมกล้วย",
      "content":"ขนมกล้วย 2 ห่อ 240 kcal",
      "cal": "240"
    },   
    {
      "id": "ขนมขี้หนู",
      "content":"ขนมขี้หนู 1 ถ้วย 165 kcal",
      "cal": "165"
    },   
    {
      "id": "ขนมครก",
      "content":"ขนมครก 2 คู่ 210 kcal",
      "cal": "210"
    },   
    {
      "id": "ขนมจีน",
      "content":"ขนมจีน(50 กรัม) 1 จับ 50 kcal",
      "cal": "50"
    },   
    {
      "id": "ขนมจีนซาวน้ำ",
      "content":"ขนมจีนซาวน้ำ 1 จาน 320 kcal",
      "cal": "320"
    },   
    {
      "id": "ขนมจีนน้ำพริก",
      "content":"ขนมจีนน้ำพริก 1 จาน 450 kcal",
      "cal": "450"
    },   
    {
      "id": "ขนมจีนน้ำยา",
      "content":"ขนมจีนน้ำยา 1 จาน 375 kcal",
      "cal": "375"
    },   
    {
      "id": "ขนมจีนน้ำเงี้ยว",
      "content":"ขนมจีนน้ำเงี้ยว 1 ถ้วย 305 kcal",
      "cal": "305"
    },   
    {
      "id": "ขนมจีบ",
      "content":"ขนมจีบ 3 ลูก 120 kcal",
      "cal": "120"
    },   
    {
      "id": "ขนมชั้น",
      "content":"ขนมชั้น 2 ชิ้น 184 kcal",
      "cal": "184"
    },   
    {
      "id": "ขนมตาล",
      "content":"ขนมตาล 2 กระทง 115 kcal",
      "cal": "115"
    },   
    {
      "id": "ขนมต้มขาว",
      "content":"ขนมต้มขาว 4 ลูก 165 kcal",
      "cal": "165"
    },   
    {
      "id": "ขนมถั่วแปป",
      "content":"ขนมถั่วแปป 1 จาน 3ตัว (110 กรัม) 432 kcal",
      "cal": "432"
    },   
    {
      "id": "ขนมถ้วย",
      "content":"ขนมถ้วย 2 ถ้วย 265 kcal",
      "cal": "265"
    },   
    {
      "id": "ขนมน้ำดอกไม้",
      "content":"ขนมน้ำดอกไม้ 1 จาน(9ชิ้น) 190 kcal",
      "cal": "190"
    },   
    {
      "id": "ขนมบ้าบิ่น",
      "content":"ขนมบ้าบิ่น 1 ชิ้น 130 kcal",
      "cal": "130"
    },   
    {
      "id": "ขนมปลากริมไข่เต่า",
      "content":"ขนมปลากริมไข่เต่า 1 ถ้วย 250 kcal",
      "cal": "250"
    },   
    {
      "id": "ขนมปังกระเทียม",
      "content":"ขนมปังกระเทียม 2 ชิ้น 170 kcal",
      "cal": "170"
    },   
    {
      "id": "ขนมปังขาไก่",
      "content":"ขนมปังขาไก่ 1 ชิ้น 65 kcal",
      "cal": "65"
    },  
    {
      "id": "ขนมปังน้ำสลัดหมูหยอง",
      "content":"ขนมปังน้ำสลัดหมูหยอง 1 ชิ้น 230 kcal",
      "cal": "230"
    },   
    {
      "id": "ขนมปังปอนด์",
      "content":"ขนมปังปอนด์ 1 แผ่น 80 kcal",
      "cal": "80"
    },   
    {
      "id": "ขนมปังมะพร้าว",
      "content":"ขนมปังมะพร้าว 1 ชิ้น 235 kcal",
      "cal": "235"
    },   
    {
      "id": "ขนมปังสังขยา",
      "content":"ขนมปังสังขยา 1 ชิ้น 230 kcal",
      "cal": "230"
    },   
    {
      "id": "ขนมปังอบกรอบ",
      "content":"ขนมปังอบกรอบ 4 แผ่นเล็ก 80 kcal",
      "cal": "80"
    },   
    {
      "id": "ขนมปังฮาวายเอี้ยน",
      "content":"ขนมปังฮาวายเอี้ยน 1 ชิ้น 300 kcal",
      "cal": "300"
    },   
    {
      "id": "ขนมปังไส้กรอก",
      "content":"ขนมปังไส้กรอก 1 ชิ้น 130 kcal",
      "cal": "130"
    },   
    {
      "id": "ขนมปังไส้หมูหยอง",
      "content":"ขนมปังไส้หมูหยอง 1 ชิ้น 185 kcal",
      "cal": "185"
    },   
    {
      "id": "ขนมปังไส้ไก่",
      "content":"ขนมปังไส้ไก่ 1 ชิ้น 223 kcal",
      "cal": "223"
    },   
    {
      "id": "ขนมฝักบัว",
      "content":"ขนมฝักบัว 2 ชิ้น 140 kcal",
      "cal": "140"
    },   
    {
      "id": "ขนมสอดไส้",
      "content":"ขนมสอดไส้ 3 ห่อเล็ก 380 kcal",
      "cal": "380"
    },   
    {
      "id": "ขนมหม้อแกง",
      "content":"ขนมหม้อแกง 1 ชิ้น 179 kcal",
      "cal": "179"
    },   
    {
      "id": "ขนมหัวผักกาดผัด",
      "content":"ขนมหัวผักกาดผัด 1 จาน 560 kcal",
      "cal": "560"
    },   
    {
      "id": "ขนมหัวผักกาดผัด ใส่ไข่",
      "content":"ขนมหัวผักกาดผัด ใส่ไข่ 1 จาน 630 kcal",
      "cal": "630"
    },   
    {
      "id": "ขนมเข่ง",
      "content":"ขนมเข่ง 1 กระทง 120 kcal",
      "cal": "120"
    },   
    {
      "id": "ขนมเทียน",
      "content":"ขนมเทียน 2 อัน 205 kcal",
      "cal": "205"
    },   
    {
      "id": "ขนมเบื้องญวณ",
      "content":"ขนมเบื้องญวณ 1 แผ่น 280 kcal",
      "cal": "280"
    },   
    {
      "id": "ขนมเบื้องไทยไส้หวาน",
      "content":"ขนมเบื้องไทยไส้หวาน 1 แผ่น 60 kcal",
      "cal": "60"
    },   
    {
      "id": "ขนมเบื้องไทยไส้เค็ม",
      "content":"ขนมเบื้องไทยไส้เค็ม 1 แผ่น 50 kcal",
      "cal": "50"
    },   
    {
      "id": "ขนมเปียกปูน",
      "content":"ขนมเปียกปูน 1 ชิ้น 95 kcal",
      "cal": "95"
    },   
    {
      "id": "ขนมเปี๊ยะไส้ถั่ว",
      "content":"ขนมเปี๊ยะไส้ถั่ว 2 ชิ้น 300 kcal",
      "cal": "300"
    },   
    {
      "id": "ขนมเล็บมือนาง",
      "content":"ขนมเล็บมือนาง 1 จานเล็ก 27 kcal",
      "cal": "27"
    },   
    {
      "id": "ขนมไหว้พระจันทร์ไส้ทุเรียนกวน",
      "content":"ขนมไหว้พระจันทร์ไส้ทุเรียนกวน 1 ชิ้น 340 kcal",
      "cal": "340"
    },   
    {
      "id": "ขนมไหว้พระจันทร์ไส้ลูกบัว-ไข่เค็ม",
      "content":"ขนมไหว้พระจันทร์ไส้ลูกบัว-ไข่เค็ม 1 ชิ้น 375 kcal",
      "cal": "375"
    },   
    {
      "id": "ขนุน",
      "content":"ขนุน 2 ยวง 60 kcal",
      "cal": "60"
    },   
    {
      "id": "ข้าวสตูว์ไก่",
      "content":"ข้าวสตูว์ไก่ 1 จาน 465",
      "cal": "465"
    },   
    {
      "id": "ข้าวกุ้งทอดกระเทียมพริกไทย",
      "content":"ข้าวกุ้งทอดกระเทียมพริกไทย 1 จาน 495 kcal",
      "cal": "495"
    },   
    {
      "id": "ข้าวขาหมู",
      "content":"ข้าวขาหมู 1 จาน 690 kcal",
      "cal": "690"
    },   
    {
      "id": "ข้าวคลุกกะปิ",
      "content":"ข้าวคลุกกะปิ 1 จาน 410 kcal",
      "cal": "410"
    },   
    {
      "id": "ข้าวซอยไก่",
      "content":"ข้าวซอยไก่ 1 ถ้วย 395 kcal",
      "cal": "395"
    },  
    {
      "id": "ข้าวซอยหมู",
      "content":"ข้าวซอยหมู 1 ถ้วย 395 kcal",
      "cal": "395"
    },    
    {
      "id": "ข้าวญี่ปุ่น",
      "content":"ข้าวญี่ปุ่น 3 ช้อนโต๊ะ 70 กรัม 1 ทัพพี 118 kcal",
      "cal": "118"
    },   
    {
      "id": "ข้าวตังหน้าตั้ง",
      "content":"ข้าวตังหน้าตั้ง 3 ชิ้น 280 kcal",
      "cal": "280"
    },   
    {
      "id": "ข้าวตังหมูหยอง",
      "content":"ข้าวตังหมูหยอง 2 แผ่น 160 kcal",
      "cal": "160"
    },   
    {
      "id": "ข้าวกล้องต้ม",
      "content":"ข้าวต้ม(ข้าวกล้อง) 1 ถ้วย 120 kcal",
      "cal": "120"
    },      
  
    {
      "id": "ข้าวต้ม",
      "content":"ข้าวต้ม(ข้าวขาว) 1 ถ้วย 120 kcal",
      "cal": "120"
    },
      {
      "id": "ข้าวต้มมัด",
      "content":"ข้าวต้มมัด 1 มัด 285 kcal",
      "cal": "285"
    },   
    {
      "id": "ข้าวปุ้น",
      "content":"ข้าวปุ้น(ส้มตำ - ขนมจีน) 1 จาน 180 kcal",
      "cal": "180"
    },   
    {
      "id": "ข้าวผัดกระเพรากุ้ง",
      "content":"ข้าวผัดกระเพรากุ้ง 1 จาน 540 kcal",
      "cal": "540"
    },    
    {
      "id": "ข้าวผัดกระเพราหมู",
      "content":"ข้าวผัดกระเพราหมู 1 จาน 580 kcal",
      "cal": "580"
    },   
    {
      "id": "ข้าวผัดกระเพราไก่ไข่ดาว",
      "content":"ข้าวผัดกระเพราไก่ไข่ดาว 1 จาน 630 kcal",
      "cal": "630"
    },   
    {
      "id": "ข้าวผัดกุนเชียง",
      "content":"ข้าวผัดกุนเชียง 1 จาน 590 kcal",
      "cal": "590"
    },   
    {
      "id": "ข้าวผัดกุ้งใส่ไข่",
      "content":"ข้าวผัดกุ้งใส่ไข่ 1 จาน 595 kcal",
      "cal": "595"
    },   
    {
      "id": "ข้าวผัดคะน้าหมูกรอบ",
      "content":"ข้าวผัดคะน้าหมูกรอบ 1 จาน 670 kcal",
      "cal": "670"
    },   
    {
      "id": "ข้าวผัดต้มยำทะเลแห้ง",
      "content":"ข้าวผัดต้มยำทะเลแห้ง 1 จาน 400 kcal",
      "cal": "400"
    },   
    {
      "id": "ข้าวผัดน้ำพริกกุ้งสด",
      "content":"ข้าวผัดน้ำพริกกุ้งสด 1 จาน 460 kcal",
      "cal": "460"
    },   
    {
      "id": "ข้าวผัดน้ำพริกลงเรือ",
      "content":"ข้าวผัดน้ำพริกลงเรือ 1 จาน 605 kcal",
      "cal": "605"
    },   
    {
      "id": "ข้าวผัดปลาหมึกน้ำพริกเผา",
      "content":"ข้าวผัดปลาหมึกน้ำพริกเผา 1 จาน 535 kcal",
      "cal": "535"
    },   
    {
      "id": "ข้าวผัดปลาเค็ม",
      "content":"ข้าวผัดปลาเค็ม 1 จาน 405 kcal",
      "cal": "405"
    },   
    {
      "id": "ข้าวผัดปูใส่ไข่",
      "content":"ข้าวผัดปูใส่ไข่ 1 จาน 610 kcal",
      "cal": "610"
    },   
    {
      "id": "ข้าวผัดผักกระเฉดหมูกรอบ",
      "content":"ข้าวผัดผักกระเฉดหมูกรอบ 1 จาน 600 kcal",
      "cal": "600"
    },   
    {
      "id": "ข้าวผัดมันกุ้งใส่ไข่",
      "content":"ข้าวผัดมันกุ้งใส่ไข่ 1 จาน 575 kcal",
      "cal": "575"
    },   
    {
      "id": "ข้าวผัดสับปะรด",
      "content":"ข้าวผัดสับปะรด 1 จาน 335 kcal",
      "cal": "335"
    },   
    {
      "id": "ข้าวผัดหนำเลียบ",
      "content":"ข้าวผัดหนำเลียบ-หมู-ไก่ 1 จาน 370 kcal",
      "cal": "370"
    },   
    {
      "id": "ข้าวผัดหมูน้ำพริกเผา",
      "content":"ข้าวผัดหมูน้ำพริกเผา 1 จาน 665 kcal",
      "cal": "665"
    },   
    {
      "id": "ข้าวผัดหมูใส่ไข่",
      "content":"ข้าวผัดหมูใส่ไข่ 1 จาน 660 kcal",
      "cal": "660"
    },   
    {
      "id": "ข้าวผัดอเมริกัน",
      "content":"ข้าวผัดอเมริกัน 1 จาน 790 kcal",
      "cal": "790"
    },   
    {
      "id": "ข้าวผัดแกงเขียวหวานไก่",
      "content":"ข้าวผัดแกงเขียวหวานไก่ 1 จาน 630 kcal",
      "cal": "630"
    },   
    {
      "id": "ข้าวผัดแหนม",
      "content":"ข้าวผัดแหนม 1 จาน 610 kcal",
      "cal": "610"
    },
    {
      "id": "น้ำขิง",
      "content":"น้ำขิง 1 กล่อง 60 kcal",
      "cal": "60"
    },
    { 
      "id": "น้ำจับเลี้ยง ",
      "content":"น้ำจับเลี้ยง 1 แก้ว 100 kcal",
      "cal": "100"
    },
    { 
      "id": "น้ำชาเขียวผสมน้ำผึ้ง",
      "content":"น้ำชาเขียวผสมน้ำผึ้ง 1 กล่อง 70 kcal",
      "cal": "70"
    },  {
      "id": "น้ำกระเจี๊ยบ",
      "content":"น้ำกระเจี๊ยบ 1 แก้ว 120 kcal",
      "cal": "120"
    },
    { 
      "id": "น้อยหน่า",
      "content":"น้อยหน่า 1/2 ผล 60 kcal",
      "cal": "60"
    },
    {
      "id": "นมเย็น",
      "content":"นมเย็น 1 แก้ว 150 kcal",
      "cal": "150"
    },
    { 
      "id": "นมเปรี้ยว",
      "content":"นมเปรี้ยวUHTรสผลไม้ 1 กล่อง 125 kcal",
      "cal": "125"
    }, {
      "id": "นมรสหวาน",
      "content":"นมปรุงแต่ง(รสหวาน) 1 กล่อง 200 kcal",
      "cal": "200"
    },
    { 
      "id": "นมถั่วเหลือง",
      "content":"นมถั่วเหลือง(หวานน้อย) 1 กล่อง 140 kcal",
      "cal": "140"
    },
    {
      "id": "นมจืดไม่มีไขมัน",
      "content":"นมจืด(ไม่มีไขมัน)  1 กล่อง 80 kcal",
      "cal": "80"
    },
    { 
      "id": "นมจืดไขมันต่ำ",
      "content":"นมจืด(ไขมันต่ำ) 1 กล่อง 125 kcal",
      "cal": "125"
    },  {
      "id": "นมจืด",
      "content":"นมจืด(250 cc) 1 กล่อง 160 kcal",
      "cal": "160"
    },
    { 
      "id": "ท๊อฟฟี่นม",
      "content":"ท๊อฟฟี่นม 1 เม็ด 20 kcal",
      "cal": "20"
    },
    {
      "id": "ทุเรียนทอด",
      "content":"ทุเรียนทอดกรอบ 7-8 ชิ้น 50 kcal",
      "cal": "50"
    },
    { 
      "id": "ทุเรียนชะนี",
      "content":"ทุเรียนชะนี 100 กรัม 165 kcal",
      "cal": "165"
    },
    {
      "id": "ทุเรียนกวน",
      "content":"ทุเรียนกวน 1 ช้อนโต๊ะ 115 kcal",
      "cal": "115"
    },
    { 
      "id": "ทุเรียนกระดุม",
      "content":"ทุเรียนกระดุม 100 กรัม 129 kcal",
      "cal": "129"
    },
    {
      "id": "ทับทิมกรอบ",
      "content":"ทับทิมกรอบ 1 ถ้วย 250 kcal",
      "cal": "250"
    },
    { 
      "id": "ทอดมันปลากราย",
      "content":"ทอดมันปลากราย 1 ชิ้น 230 kcal",
      "cal": "230"
    },  {
      "id": "ทอดมันกุ้ง",
      "content":"ทอดมันกุ้ง 1 จาน 255 kcal",
      "cal": "255"
    },
    { 
      "id": "ทองหยิบ",
      "content":"ทองหยิบ 2 ดอก 210 kcal",
      "cal": "210"
    },
    {
      "id": "ทองม้วน",
      "content":"ทองม้วน 3 อันเล็ก 105 kcal",
      "cal": "105"
    },
    { 
      "id": "ถั่วแระต้ม",
      "content":"ถั่วแระต้ม 1 ช้อนโต๊ะ 25 kcal",
      "cal": "25"
    }, {
      "id": "ถั่วแดงดิบ",
      "content":"ถั่วแดงดิบ 100 กรัม 315 kcal",
      "cal": "315"
    },
    { 
      "id": "ถั่วแขก",
      "content":"ถั่วแขก 100 กรัม 366 kcal",
      "cal": "366"
    },
    {
      "id": "ถั่วเหลืองดิบ",
      "content":"ถั่วเหลืองดิบ 100 กรัม 411 kcal",
      "cal": "411"
    },
    { 
      "id": "ถั่วเขียวต้มน้ำตาล",
      "content":"ถั่วเขียวต้มน้ำตาล 1 ถ้วย 160 kcal",
      "cal": "160"
    },  {
      "id": "ถั่วเขียวดิบ",
      "content":"ถั่วเขียวดิบ 100 กรัม 329 kcal",
      "cal": "329"
    },
    { 
      "id": "ถั่วลิสงแผ่นทอด",
      "content":"ถั่วลิสงแผ่นทอด 1 แผ่น 150 kcal",
      "cal": "150"
    },
    {
      "id": "ถั่วลิสงต้ม",
      "content":"ถั่วลิสงต้ม 1 ช้อนโต๊ะ 45 kcal",
      "cal": "45"
    },
    { 
      "id": "ถั่วลิสงดิบ",
      "content":"ถั่วลิสงดิบ 100 กรัม 530 kcal",
      "cal": "530"
    },
    {
      "id": "ถั่วดำดิบ",
      "content":"ถั่วดำดิบ 100 กรัม 332 kcal",
      "cal": "332"
    },
    {
      "id": "ต้มโคล้งไก่ย่าง",
      "content":"ต้มโคล้งไก่ย่าง 1 ถ้วย 115 kcal",
      "cal": "115"
    },
    { 
      "id": "ต้มโคล้งปลากรอบ",
      "content":"ต้มโคล้งปลากรอบ 1 ถ้วย 60 kcal",
      "cal": "60"
    },
    {
      "id": "ต้มเลือดหมู",
      "content":"ต้มเลือดหมู 1 ถ้วย 120 kcal",
      "cal": "120"
    },
    { 
      "id": "ต้มหัวผักกาดขาวซี่โครงหมู",
      "content":"ต้มหัวผักกาดขาวซี่โครงหมู 1 ถ้วย 90 kcal",
      "cal": "90"
    },  {
      "id": "ต้มส้มปลาทู",
      "content":"ต้มส้มปลาทู 1 ถ้วย 130 kcal",
      "cal": "130"
    },
    { 
      "id": "ต้มยำไก่",
      "content":"ต้มยำไก่ 1 ถ้วย 80 kcal",
      "cal": "80"
    },
    {
      "id": "ต้มยำเห็ดสด",
      "content":"ต้มยำเห็ดสด 1 ถ้วย 30 kcal",
      "cal": "30"
    },
    { 
      "id": "ต้มยำปลากระพง",
      "content":"ต้มยำปลากระพง 1 ถ้วย 80 kcal",
      "cal": "80"
    }, {
      "id": "ต้มยำปลากระป๋อง",
      "content":"ต้มยำปลากระป๋อง 1 ถ้วย 55 kcal",
      "cal": "55"
    },
    { 
      "id": "ต้มยำกุ้ง",
      "content":"ต้มยำกุ้ง 1 ถ้วย 65 kcal",
      "cal": "65"
    },
    {
      "id": "ต้มผักกาดดอง",
      "content":"นต้มผักกาดดองซี่โครงหมู 1 ถ้วย 90 kcal",
      "cal": "90"
    },
    { 
      "id": "ต้มตือฮวน",
      "content":"ต้มตือฮวน 1 ถ้วย 160 kcal",
      "cal": "160"
    },  {
      "id": "ต้มจับฉ่าย",
      "content":"ต้มจับฉ่าย 1 ถ้วย 180 kcal",
      "cal": "180"
    },
    { 
      "id": "ต้มข่าไก่",
      "content":"ต้มข่าไก่ 1 ถ้วย 210 kcal",
      "cal": "210"
    },
    {
      "id": "ต้มกะทิสายบัว",
      "content":"ต้มกะทิสายบัวปลาทูนึ่ง 1 ถ้วย 225 kcal",
      "cal": "225"
    },
    { 
      "id": "ตับไก่ปิ้ง",
      "content":"ตับไก่ปิ้ง 1 ไม้ 60 kcal",
      "cal": "60"
    }, 
    { 
      "id": "ตะโก้แห้ว",
      "content":"ตะโก้แห้ว 3 กระทงเล็ก 235 kcal",
      "cal": "235"
    },
    {
      "id": "ซ่าหริ่ม",
      "content":"ซ่าหริ่ม 1 ถ้วย 275 kcal",
      "cal": "275"
    },
    { 
      "id": "ซุปใส",
      "content":"ซุปใส 1 ถ้วย 15 kcal",
      "cal": "15"
    },
    {
      "id": "ซุปหน่อไม้",
      "content":"ซุปหน่อไม้ 1 จาน 40 kcal",
      "cal": "40"
    },
    { 
      "id": "ซุปข้าวโพด",
      "content":"ซุปข้าวโพด 1 ถ้วย 140 kcal",
      "cal": "140"
    },  {
      "id": "ซาลาเปาไส้หมู",
      "content":"ซาลาเปาไส้หมู 1 ลูก 120 kcal",
      "cal": "120"
    },
    { 
      "id": "ช็อคโกแลตเย็น",
      "content":"ช็อคโกแลตเย็น 1 แก้ว 120 kcal",
      "cal": "120"
    },
    {
      "id": "ช็อคโกแลตร้อน",
      "content":"ช็อคโกแลตร้อน 1 แก้ว 120 kcal",
      "cal": "120"
    },
    { 
      "id": "ช็อคโกแลต",
      "content":"ช็อคโกแลต 1 ชิ้นพอคำ 170 kcal",
      "cal": "170"
    }, {
      "id": "ชิฟฟอนคัสตาร์ดเค้ก",
      "content":"ชิฟฟอนคัสตาร์ดเค้ก 1 ชิ้น 340 kcal",
      "cal": "340"
    },
    { 
      "id": "ชิฟฟอนกาแฟ",
      "content":"ชิฟฟอนกาแฟ 1 ชิ้น 275 kcal",
      "cal": "275"
    },
    {
      "id": "ชาเย็น",
      "content":"ชาเย็น 1 แก้ว 100 kcal",
      "cal": "100"
    },
    { 
      "id": "ชาเขียว",
      "content":"ชาเขียว(รสหวาน) 1 แก้ว 120 kcal",
      "cal": "120"
    }, 
    {
      "id": "ชาร้อน ",
      "content":"ชาร้อน 1 แก้ว 55 kcal",
      "cal": "55"
    },
    { 
      "id": "ชามะนาว",
      "content":"ชามะนาว 1 แก้ว 100 kcal",
      "cal": "100"
    },
    {
      "id": "ชาดำเย็น",
      "content":"ชาดำเย็น 1 แก้ว 110 kcal",
      "cal": "110"
    },
    {
      "id": "ชมพู่เมืองเพชร",
      "content":"ชมพู่เมืองเพชร 2 ผล 60 kcal",
      "cal": "60"
    },
    { 
      "id": "ชมพู่",
      "content":"ชมพู่ 2-3 ผล 60 kcal",
      "cal": "60"
    }, {
      "id": "จาวตาลเชื่อม",
      "content":"จาวตาลเชื่อม 1 ลูก 190 kcal",
      "cal": "190"
    },
    { 
      "id": "งาดำ",
      "content":"งาดำ 100 กรัม 593 kcal",
      "cal": "593"
    },
    {
      "id": "งาขาว",
      "content":"งาขาว 100 กรัม 628 kcal",
      "cal": "628"
    },
    { 
      "id": "คุ้กกี้ไส้สับปะรด",
      "content":"คุ้กกี้ไส้สับปะรด 1 ชิ้น 190 kcal",
      "cal": "190"
    },  {
      "id": "คุ้กกี้เนย",
      "content":"คุ้กกี้เนย 2 ชิ้น 210 kcal",
      "cal": "210"
    },
    { 
      "id": "คุ้กกี้สิงคโปร์",
      "content":"คุ้กกี้สิงคโปร์ 2 ชิ้น 190 kcal",
      "cal": "190"
    },
    {
      "id": "คุ้กกี้ช็อคโกแลตชิพ",
      "content":"คุ้กกี้ช็อคโกแลตชิพ 2 ชิ้น 235 kcal",
      "cal": "235"
    },
    { 
      "id": "คุ้กกี้ชาเขียว",
      "content":"คุ้กกี้ชาเขียว 1 ชิ้น 150 kcal",
      "cal": "150"
    }, 
    { 
      "id": "คุ้กกี้ข้าวโอ๊ต",
      "content":"คุ้กกี้ข้าวโอ๊ต 2 ชิ้น 150 kcal",
      "cal": "150"
    },
    {
      "id": "คัสตาร์ดน้ำตาลไหม้",
      "content":"คัสตาร์ดน้ำตาลไหม้ 1 ชิ้น 230 kcal",
      "cal": "230"
    },
    { 
      "id": "คะน้าหมูกรอบ",
      "content":"คะน้าหมูกรอบ 1 จาน 420 kcal",
      "cal": "420"
    },
    {
      "id": "คอหมูย่าง",
      "content":"คอหมูย่าง 1 จาน 200 kcal",
      "cal": "200"
    },
    { 
      "id": "คอร์นเฟลค",
      "content":"คอร์นเฟลค 1 ถ้วยตวง 110 kcal",
      "cal": "110"
    }, {
      "id": "ครีมโรล",
      "content":"ครีมโรล 1 ชิ้น 360 kcal",
      "cal": "360"
    },
    { 
      "id": "ครีมเทียม",
      "content":"ครีมเทียม 1 ช้อนชา 45 kcal",
      "cal": "45"
    },
    {
      "id": "ครีมซุปไก่",
      "content":"ครีมซุปไก่ 1 ถ้วย 160 kcal",
      "cal": "160"
    },
    { 
      "id": "ครองแครงกะทิ",
      "content":"ครองแครงกะทิ 1 ถ้วย 250 kcal",
      "cal": "250"
    },  {
      "id": "ครองแครง",
      "content":"ครองแครง 22 ตัว 425 kcal",
      "cal": "425"
    },
    { 
      "id": "ข้าวไข่เจียว",
      "content":"ข้าวไข่เจียว 1 จาน 445 kcal",
      "cal": "445"
    },
    {
      "id": "ข้าวไก่อบ",
      "content":"ข้าวไก่อบ 1 จาน 490 kcal",
      "cal": "490"
    },
    { 
      "id": "ข้าวโอ๊ตสุก",
      "content":"ข้าวโอ๊ตสุก 1 ถ้วยตวง 130 kcal",
      "cal": "130"
    }, 
    { 
      "id": "ข้าวโพดต้ม",
      "content":"ข้าวโพดต้ม 1 ฝักเล็ก 200 kcal",
      "cal": "200"
    },
    {
      "id": "ข้าวโพดคั่ว",
      "content":"ข้าวโพดคั่ว(เคลือบน้ำตาล) 1 ถ้วย 60 kcal",
      "cal": "60"
    },
    { 
      "id": "ข้าวโพดคลุก",
      "content":"ข้าวโพดคลุก 1 จานเล็ก 156 kcal",
      "cal": "156"
    },
    {
      "id": "ข้าวแตน",
      "content":"ข้าวแตน(ข้าวพองราดน้ำตาล) 1 แผ่น 150 kcal",
      "cal": "150"
    },
    { 
      "id": "ข้าวแช่",
      "content":"ข้าวแช่ 1 ชุด 350 kcal",
      "cal": "350"
    }, {
      "id": "ข้าวเหนียวหมูสวรรค์",
      "content":"ข้าวเหนียวหมูสวรรค์ 1 ชุด 480 kcal",
      "cal": "480"
    },
    { 
      "id": "ข้าวเหนียวหมูทอด",
      "content":"ข้าวเหนียวหมูทอด 1 ชุด 440 kcal",
      "cal": "440"
    },
    {
      "id": "ข้าวเหนียวหน้ากุ้ง",
      "content":"ข้าวเหนียวหน้ากุ้ง 1 ห่อ 179 kcal",
      "cal": "179"
    },
    { 
      "id": "ข้าวเหนียวสังขยา",
      "content":"ข้าวเหนียวสังขยา 1 ห่อ 370 kcal",
      "cal": "370"
    },  {
      "id": "ข้าวเหนียวมูลน้ำกะทิ",
      "content":"ข้าวเหนียวมูลน้ำกะทิ 1 ชิ้นเล็ก 197 kcal",
      "cal": "197"
    },
    { 
      "id": "ข้าวเหนียวนึ่ง",
      "content":"ข้าวเหนียวนึ่ง 1-2 ทัพพี(35 กรัม) 80 kcal",
      "cal": "80"
    },
    {
      "id": "ข้าวเหนียวตัด",
      "content":"ข้าวเหนียวตัด 1 ชิ้น 210 kcal",
      "cal": "210"
    },
    { 
      "id": "ข้าวเหนียวดำเปียก",
      "content":"ข้าวเหนียวดำเปียก 1 ถ้วย 205 kcal",
      "cal": "205"
    }, 
    { 
      "id": "ข้าวเหนียวกะทิทุเรียน",
      "content":"ข้าวเหนียวกะทิทุเรียน 1 ถ้วย 225 kcal",
      "cal": "225"
    },
    {
      "id": "ข้าวเม่าทอด",
      "content":"ข้าวเม่าทอด 2 ลูก 418 kcal",
      "cal": "418"
    },
    { 
      "id": "ข้าวเกรียบปากหม้อ",
      "content":"ข้าวเกรียบปากหม้อ 4 ชิ้น 205 kcal",
      "cal": "205"
    },


    {
      "id": "ข้าวเกรียบกุ้ง",
      "content":"ข้าวเกรียบกุ้ง 3 แผ่น 110 kcal",
      "cal": "110"
    },
    { 
      "id": "ข้าวอบเผือก",
      "content":"ข้าวอบเผือก 1 จาน 385 kcal",
      "cal": "385"
    }, {
      "id": "ข้าวหลาม",
      "content":"ข้าวหลาม 1 กระบอก 230 kcal",
      "cal": "230"
    },
    { 
      "id": "ข้าวหมูแดง",
      "content":"ข้าวหมูแดง 1 จาน 560 kcal",
      "cal": "560"
    },
    {
      "id": "ข้าวหมูกระเทียม",
      "content":"ข้าวหมูกระเทียม 1 จาน 525 kcal",
      "cal": "525"
    },
    { 
      "id": "ข้าวหมกไก่",
      "content":"ข้าวหมกไก่ 1 จาน 540 kcal",
      "cal": "540"
    },  {
      "id": "ข้าวหน้าเป็ด",
      "content":"ข้าวหน้าเป็ด 1 จาน 495 kcal",
      "cal": "495"
    },
    { 
      "id": "ข้าวหน้ากุ้งผัดพริดสด",
      "content":"ข้าวหน้ากุ้งผัดพริดสด 1 จาน 540 kcal",
      "cal": "540"
    },
    {
      "id": "ข้าวสวย",
      "content":"ข้าวสวย 1 ทัพพี 68 kcal",
      "cal": "68"
    },
    { 
      "id": "ข้าวราดหน้าไก่",
      "content":"ข้าวราดหน้าไก่ 1 จาน 400 kcal",
      "cal": "400"
    }, 
    { 
      "id": "ข้าวยำปักษ์ใต้",
      "content":"ข้าวยำปักษ์ใต้ 1 จาน 180 kcal",
      "cal": "180"
    },
    {
      "id": "ข้าวมันไก่ทอด",
      "content":"ข้าวมันไก่ทอด 1 จาน 695 kcal",
      "cal": "695"
    },
    { 
      "id": "ข้าวมันไก่",
      "content":"ข้าวมันไก่ 1 จาน 585 kcal",
      "cal": "585"
    },
    {
      "id": "ข้าวมันส้มตำ",
      "content":"ข้าวมันส้มตำ เนื้อผัดหวาน 1 จาน 590 kcal",
      "cal": "590"
    },
    { 
      "id": "ข้าวผัดไส้กรอก",
      "content":"ข้าวผัดไส้กรอก 1 จาน 520 kcal",
      "cal": "520"
    },


    {
      "id": "ก๋วยเตี๋ยวเส้นหมี่น้ำลูกชิ้นเนื้อวัว",
      "content":"ก๋วยเตี๋ยวเส้นหมี่น้ำลูกชิ้นเนื้อวัว 1 จาน 226 kcal",
      "cal": "226"
    },
    {
      "id": "ก๋วยเตี๋ยวเส้นหมี่ลูกชิ้นเนื้อ",
      "content":"ก๋วยเตี๋ยวเส้นหมี่ลูกชิ้นเนื้อ 1 ชาม 258 kcal",
      "cal": "258"
    },
    {
      "id": "ก๋วยเตี๋ยวเส้นใหญ่ราดหน้าไก่",
      "content":"ก๋วยเตี๋ยวเส้นใหญ่ราดหน้าไก่ 1 จาน 397 kcal",
      "cal": "397"
    },
    {
      "id": "กุ้งนึ่งกระเทียม",
      "content":"กุ้งนึ่งกระเทียม 1 จาน 124 kcal ",
      "cal": "124"
    },
    {
      "id": "กุ้งฝอยชุบแป้งทอด",
      "content":"กุ้งฝอยชุบแป้งทอด 1 แพ 308 kcal",
      "cal": "308"
    },
    {
      "id": "กุ้ยช่ายทอด",
      "content":"กุ้ยช่ายทอด 1 ชิ้น 114 kcal",
      "cal": "kcal"
    },
    {
      "id": "เกาเหลาราดหน้า",
      "content":"เกาเหลาราดหน้า 1 ถ้วย 300 kcal",
      "cal": "300"
    },
    {
      "id": "เกาเหลาลูกชิ้นน้ำ",
      "content":"เกาเหลาลูกชิ้นน้ำ 1 ขาม 225 kcal",
      "cal": "225"
    },
    {
      "id": "เกี๊ยวกรอบราดหน้ากุ้ง",
      "content":"เกี๊ยวกรอบราดหน้ากุ้ง 1 จาน 635 kcal",
      "cal": "635"
    },
    {
      "id": "เกี๊ยวซ่า",
      "content":"เกี๊ยวซ่า 1 ชิ้น 63 kcal",
      "cal": "63"
    },
    {
      "id": "เกี๊ยวน้ำกุ้ง",
      "content":"เกี๊ยวน้ำกุ้ง 1 ชาม 275 kcal ",
      "cal": "275"
    },
    {
      "id": "เกี๊ยวปลาน้ำ",
      "content":"เกี๊ยวปลาน้ำ 1 ถ้วย 165 kcal",
      "cal": "165"
    },
    {
      "id": "แกงกะหรี่ไก่",
      "content":"แกงกะหรี่ไก่ 1 ถ้วย 450 kcal",
      "cal": "450"
    },
    {
      "id": "แกงกะหรี่หมู ",
      "content":"แกงกะหรี่หมู 1 ถ้วย 325 kcal",
      "cal": "325"
    },
    {
      "id": "แกงขี้เหล็ก",
      "content":"แกงขี้เหล็ก 1 ถ้วย 195 kcal",
      "cal": "195"
    },
    {
      "id": "แกงขี้เหล็กหมูย่าง",
      "content":"แกงขี้เหล็กหมูย่าง 1 ถ้วย 245 kcal",
      "cal": "245"
    },
    {
      "id": "แกงเขียวหวานไก่",
      "content":"แกงเขียวหวานไก่ 1 ถ้วย 240 kcal",
      "cal": "240"
    },
    {
      "id": "แกงเขียวหวานปลาดุก",
      "content":"แกงเขียวหวานปลาดุก 1 ถ้วย 235 kcal",
      "cal": "235"
    },
    {
      "id": "แกงเขียวหวานลูกชิ้นปลากราย",
      "content":"แกงเขียวหวานลูกชิ้นปลากราย 1 ถ้วย 240 kcal",
      "cal": "240"
    },    
    {
      "id": "แกงเขียวหวานหมู",
      "content":"แกงเขียวหวานหมู 1 ถ้วย 235 kcal",
      "cal": "235"
    },
    {
      "id": "แกงจืดไข่เจียว",
      "content":"แกงจืดไข่เจียว 1 ภ้วย 120 kcal",
      "cal": "120"
    },
    {
      "id": "แกงจืดตำลึงหมูสับ",
      "content":"แกงจืดตำลึงหมูสับ 1 ถ้วย 90 kcal",
      "cal": "90"
    },
    {
      "id": "แกงจืดเต้าหู้ไม่ใส่หมูสับ",
      "content":"แกงจืดเต้าหู้ไม่ใส่หมูสับ 1 ถ้วย 80 kcal",
      "cal": "80"
    },
    {
      "id": "แกงจืดเต้าหู้ยัดไส้",
      "content":"แกงจืดเต้าหู้ยัดไส้ 1 ถ้วย 110 kcal",
      "cal": "110"
    },
    {
      "id": "แกงจืดถั่วงอกไม่ใส่หมูสับ",
      "content":"แกงจืดถั่วงอกไม่ใส่หมูสับ 1 ถ้วย 50 kcal",
      "cal": "50"
    },
    {
      "id": "แกงจืดถั่วงอกหมูสับ",
      "content":"แกงจืดถั่วงอกหมูสับ 1 ถ้วย 50 kcal",
      "cal": "50"
    },
    {
      "id": "แกงจืดฟักยัดไส้",
      "content":"แกงจืดฟักยัดไส้ 1 ถ้วย 90 kcal",
      "cal": "90"
    },
    {
      "id": "แกงจืดมะระยัดไส้",
      "content":"แกงจืดมะระยัดไส้ 1 ถ้วย 90 kcal",
      "cal": "90"
    },
    {
      "id": "แกงจืดมะระสอดไส้หมูวุ้นเส้น",
      "content":"แกงจืดมะระสอดไส้หมูวุ้นเส้น 1 ชิ้น 66 kcal",
      "cal": "66"
    },
    {
      "id": "แกงจืดวุ้นเส้น",
      "content":"แกงจืดวุ้นเส้น 1 ถ้วย 85 kcal ",
      "cal": "85"
    },
    {
      "id": "แกงไตปลา",
      "content":"แกงไตปลา 1 ถ้วย 50 kcal",
      "cal": "50"
    },
    {
      "id": "แกงป่าไก่",
      "content":"แกงป่าไก่ 1 ถ้วย 110 kcal ",
      "cal": "110"
    },
    {
      "id": "แกงเผ็ดไก่ใส่มะเขือ",
      "content":"แกงเผ็ดไก่ใส่มะเขือ 1 ถ้วย 235 kcal",
      "cal": "235"
    },
    {
      "id": "แกงเผ็ดไก่ใส่หน่อไม้",
      "content":"แกงเผ็ดไก่ใส่หน่อไม้ 1 ถ้วย 245 kcal",
      "cal": "245"
    },
    {
      "id": "แกงเผ็ดเป็ดย่าง",
      "content":"แกงเผ็ดเป็ดย่าง 1 ถ้วย 240 kcal",
      "cal": "240"
    },
    {
      "id": "แกงเผ็ดฟักทองใส่หมู",
      "content":"แกงเผ็ดฟักทองใส่หมู 1 ถ้วย 250 kcal",
      "cal": "250"
    },
    {
      "id": "แกงเผ็ดฟักทองหมู",
      "content":"แกงเผ็ดฟักทองหมู 1 ถ้วย 250 kcal",
      "cal": "250"
    },
    {
      "id": "แกงเผ็ดมะเขือไก่",
      "content":"แกงเผ็ดมะเขือไก่ 1 ถ้วย 235 kcal",
      "cal": "235"
    },
    {
      "id": "แกงเผ็ดลูกชิ้นปลา",
      "content":"แกงเผ็ดลูกชิ้นปลา 1 ถ้วย 240 kcal",
      "cal": "240"
    },
    {
      "id": "แกงเผ็ดหน่อไม้ไก่",
      "content":"แกงเผ็ดหน่อไม้ไก่ 1 ถ้วย 245 kcal",
      "cal": "245"
    },
    {
      "id": "แกงเผ็ดหมูยอดมะพร้าว",
      "content":"แกงเผ็ดหมูยอดมะพร้าว 1 ถ้วย 245 kcal",
      "cal": "245"
    },
    {
      "id": "แกงมัสมั่นไก่",
      "content":"แกงมัสมั่นไก่ 1 ถ้วย 325 kcal",
      "cal": "325"
    },
    {
      "id": "แกงเลียง",
      "content":"แกงเลียง 1 ชาม 115 ",
      "cal": "115"
    },
    {
      "id": "แกงเลียงผักรวม",
      "content":"แกงเลียงผักรวม 1 ถ้วย 48 kcal",
      "cal": "48"
    },
    {
      "id": "แกงส้ม",
      "content":"แกงส้ม 1 ถ้วย 28 kcal",
      "cal": "28"
    },
    {
      "id": "แกงส้มชะอมไข่ทอดใส่กุ้ง",
      "content":"แกงส้มชะอมไข่ทอดใส่กุ้ง 1 ถ้วย 270 kcal",
      "cal": "270"
    },
    {
      "id": "แกงส้มดอกแคกุ้ง",
      "content":"แกงส้มดอกแคกุ้ง 1 ถ้วย 105 kcal",
      "cal": "105"
    },
    {
      "id": "แกงส้มปลาช่อนผักบุ้ง",
      "content":"แกงส้มปลาช่อนผักบุ้ง 1 ถ้วย 105 kcal",
      "cal": "105"
    },
    {
      "id": "แกงส้มปลาแปะซะ",
      "content":"แกงส้มปลาแปะซะ 1 ถ้วย 160 kcal",
      "cal": "160"
    },
    {
      "id": "แกงส้มผักกะเฉด-ปลา",
      "content":"แกงส้มผักกะเฉด-ปลา 1 ชาม 110 kcal",
      "cal": "110"
    },
    {
      "id": "แกงส้มผักบุ้งปลาช่อน",
      "content":"แกงส้มผักบุ้งปลาช่อน 1 ถ้วย 105 kcal",
      "cal": "105"
    },
    {
      "id": "แกงส้มผักรวม",
      "content":"แกงส้มผักรวม 1 ถ้วย 120 kcal",
      "cal": "120"
    },
    {
      "id": "แกงหมูเทโพ",
      "content":"แกงหมูเทโพ 1 ถ้วย 300 kcal",
      "cal": "300"
    },
    {
      "id": "แกงเหลืองมะละกอกุ้ง",
      "content":"แกงเหลืองมะละกอกุ้ง 1 ถ้วย 80 kcal",
      "cal": "80"
    },
    {
      "id": "แกงเหลืองหน่อไม้ดองกับปลา",
      "content":"แกงเหลืองหน่อไม้ดองกับปลา 1 ถ้วย 80 kcal",
      "cal": "80"
    },
    {
      "id": "แก้วมังกร",
      "content":"แก้วมังกร 1 ลูก 60",
      "cal": "60"
    },
    {
      "id": "โกยซีหมี่",
      "content":"โกยซีหมี่ 1 จาน 550 kcal",
      "cal": "550"
    },
    {
      "id": "ไก่ KFC สะโพก",
      "content":"ไก่ KFC สะโพก 1 ชิ้น 355 kcal ",
      "cal": "355"
    },
    {
      "id": "ไก่ KFC ฮอทวิงส์",
      "content":"ไก่ KFC ฮอทวิงส์ 1 ชิ้น 78 kcal",
      "cal": "78"
    },
    {
      "id": "ไก่ตุ๋นมะนาวดอง",
      "content":"ไก่ตุ๋นมะนาวดอง 1 ชาม 110 kcal",
      "cal": "110"
    },
    {
      "id": "ไก่ทอด",
      "content":"ไก่ทอด 1 น่อง 345 kcal",
      "cal": "345"
    },
    {
      "id": "ไก่ผัดขิง",
      "content":"ไก่ผัดขิง 1 จาน 210 kcal",
      "cal": "210"
    },
    {
      "id": "ไก่ยอชุบแป้งทอด",
      "content":"ไก่ยอชุบแป้งทอด 1 ชิ้น 73 kcal",
      "cal": "73"
    },
    {
      "id": "ไก่ย่าง",
      "content":"ไก่ย่าง 1 น่อง 165 kcal",
      "cal": "165"
    },
    {
      "id": "ขนมกลีบลำดวน",
      "content":"ขนมกลีบลำดวน 1 ชิ้น 23 kcal",
      "cal": "23"
    },
    {
      "id": "ขนมกุ้ยช่าย",
      "content":"ขนมกุ้ยช่าย 1 ชิ้น 53 kcal",
      "cal": "53"
    },
    {
      "id": "ขนมเกลียว",
      "content":"ขนมเกลียว 1 ตัว 25 kcal",
      "cal": "25"
    },
    {
      "id": "ขนมจีนแกงเขียวหวานไก่",
      "content":"ขนมจีนแกงเขียวหวานไก่ 1 ชาม 594 kcal",
      "cal": "594"
    },
    {
      "id": "ขนมจีนน้ำยาปักษ์ใต้",
      "content":"ขนมจีนน้ำยาปักษ์ใต้ 1 จาน 146 kcal",
      "cal": "146"
    },
    {
      "id": "ขนมจีบหมู",
      "content":"ขนมจีบหมู 1 ชิ้น 32 kcal",
      "cal": "32"
    },
    {
      "id": "ขนมผิง",
      "content":"ขนมผิง 1 ก้อนเล็ก 5 kcal",
      "cal": "5"
    },
    {
      "id": "ขนมหน้านวล",
      "content":"ขนมหน้านวล 1 ชิ้น 22 kcal",
      "cal": "22"
    },
    {
      "id": "ข้าวกะเพราเนื้อ",
      "content":"ข้าวกะเพราเนื้อ 1 จาน 622 kcal",
      "cal": "622"
    },
    {
      "id": "ข้าวแกงกะหรี่ไก่",
      "content":"ข้าวแกงกะหรี่ไก่ 1 จาน 389 kcal",
      "cal": "389"
    },
    {
      "id": "ข้าวแกงเผ็ดไก่",
      "content":"ข้าวแกงเผ็ดไก่ 1 จาน 485 kcal",
      "cal": "485"
    },
    {
      "id": "ข้าวต้ม (ข้าวกล้อง)",
      "content":"ข้าวต้ม (ข้าวกล้อง) 1 ถ้วย 120 kcal",
      "cal": "120"
    },
    {
      "id": "ข้าวต้ม (ข้าวขาว)",
      "content":"ข้าวต้ม (ข้าวขาว) 1 ถ้วย 120 kcal",
      "cal": "120"
    },
    {
      "id": "ข้าวต้มทรงเครื่อง",
      "content":"ข้าวต้มทรงเครื่อง 1 ถ้วย 230 kcal",
      "cal": "230"
    },
    {
      "id": "ข้าวต้มปลา",
      "content":"ข้าวต้มปลา  1 ถ้วย 325 kcal",
      "cal": "325"
    },
    {
      "id": "ข้าวแตนราดน้ำตาล",
      "content":"ข้าวแตนราดน้ำตาล 1 แผ่น 150 kcal",
      "cal": "150"
    },
    {
      "id": "ข้าวปุ้น(ส้มตำ-ขนมจีน)",
      "content":"ข้าวปุ้น(ส้มตำ-ขนมจีน) 1 จาน 180 kcal",
      "cal": "180"
    },
    {
      "id": "ข้าวผัดกระเพราหมูกรอบ",
      "content":"ข้าวผัดกระเพราหมูกรอบ 1 จาน 650 kcal",
      "cal": "650"
    },
    {
      "id": "ข้าวผัดกะเพรากุ้ง",
      "content":"ข้าวผัดกะเพรากุ้ง 1 จาน 540 kcal",
      "cal": "540"
    },
    {
      "id": "ข้าวผัดกะเพราไก่",
      "content":"ข้าวผัดกะเพราไก่ 1 จาน 554 kcal",
      "cal": "554"
    },
    {
      "id": "ข้าวผัดกะเพราไก่ไข่ดาว",
      "content":"ข้าวผัดกะเพราไก่ไข่ดาว 1 จาน 630 kcal",
      "cal": "630"
    },
    {
      "id": "ข้าวผัดกะเพราหมู",
      "content":"ข้าวผัดกะเพราหมู 1 จาน 580 kcal",
      "cal": "580"
    },
    {
      "id": "ข้าวผัดน้ำพริกเผาหมู",
      "content":"ข้าวผัดน้ำพริกเผาหมู 1 จาน 665 kcal",
      "cal": "665"
    },
    {
      "id": "ข้าวผัดรวมมิตร",
      "content":"ข้าวผัดรวมมิตร 1 จาน 210 kcal",
      "cal": "210"
    },
    {
      "id": "ข้าวผัดหนำเลียบหมูใส่ไข่",
      "content":"ข้าวผัดหนำเลียบหมูใส่ไข่ 1 จาน 370 kcal",
      "cal": "370"
    },
    {
      "id": "ข้าวพะแนงเนื้อ",
      "content":"ข้าวพะแนงเนื้อ 1 จาน 457 kcal",
      "cal": "457"
    },
    {
      "id": "ข้าวราดแกงเขียวหวานไก่",
      "content":"ข้าวราดแกงเขียวหวานไก่ 1 จาน 483 kcal",
      "cal": "483"
    },
    {
      "id": "ข้าวราดผัดผักบุ้ง ไข่ดาว",
      "content":"ข้าวราดผัดผักบุ้ง ไข่ดาว 1จาน  410 kcal",
      "cal": "410"
    },
    {
      "id": "ข้าวราดผัดผักใส่หมู",
      "content":"ข้าวราดผัดผักใส่หมู 1 จาน 370 kcal",
      "cal": "370"
    },
    {
      "id": "ข้าวกล้อง",
      "content":"ข้าวกล้อง 1 ทัพพี 80 kcal",
      "cal": "80"
    },
    {
      "id": "ข้าวหมูทอด",
      "content":"ข้าวหมูทอด 1 จาน 416 kcal",
      "cal": "416"
    },
    {
      "id": "ข้าวหมูทอดกระเทียม",
      "content":"ข้าวหมูทอดกระเทียม 1 จาน 525 kcal",
      "cal": "525"
    },
    {
      "id": "ข้าวหมูอบ",
      "content":"ข้าวหมูอบ 1 จาน 389 kcal",
      "cal": "389"
    },
    {
      "id": "ข้าวเหนียวดำ",
      "content":"ข้าวเหนียวดำ 1 ถ้วยเล็ก 205 kcal",
      "cal": "205"
    },
    {
      "id": "ข้าวเหนียวหน้าสังขยา",
      "content":"ข้าวเหนียวหน้าสังขยา 1 จานเล็ก 223 kcal",
      "cal": "223"
    },
    {
      "id": "ไข่เค็ม",
      "content":"ไข่เค็ม 1 ฟอง 75 kcal",
      "cal": "75"
    },
    {
      "id": "ไข่เจียว",
      "content":"ไข่เจียว 1 ฟอง 215 kcal",
      "cal": "215"
    },
    {
      "id": "ไข่ดาว",
      "content":"ไข่ดาว 1 ฟอง 215 kcal",
      "cal": "215"
    },
    {
      "id": "ไข่ดาวทรงเครื่อง",
      "content":"ไข่ดาวทรงเครื่อง 1 ฟอง 250 kcal ",
      "cal": "250"
    }
  ]
}
