{
  "data":[
    {
      "id": "1",
      "food": "〰〰 🍚 ข้าว + แกงเขียวหวานไก่ 〰〰",
      "cal": "1600",
      "content": "🍚 ข้าวสวย  👉  3 ทัพพี \r\n🐔 ไก่  👉  6 ช้อนโต๊ะ \r\n🥒 ผัก  👉  1 ทัพพี\r\nกะทิ  👉  2 ช้อนโต๊ะ\r\n\r\n🗒 หมายเหตุ: ตักกะทิราดแต่พอควรนะคะ พยายามเน้นฟัก มะเขือ ฯลฯ ให้ได้พอ ๆ กับเนื้อไก่นะคะ"
    },
    { 
      "id": "2",
      "food": "〰〰 🍚 ข้าว + แกงเขียวหวานไก่ 〰〰",
      "cal": "1700",
      "content": "🍚 ข้าวสวย  👉  3 ทัพพี \r\n🐔 ไก่  👉  6 ช้อนโต๊ะ \r\n🥒 ผัก  👉  1 ทัพพี\r\nกะทิ  👉  2 ช้อนโต๊ะ\r\n\r\n🗒 หมายเหตุ: ตักกะทิราดแต่พอควรนะคะ พยายามเน้นฟัก มะเขือ ฯลฯ ให้ได้พอ ๆ กับเนื้อไก่นะคะ"
    },
    { 
      "id": "3",
      "food": "〰〰 🍚 ข้าว + แกงเขียวหวานไก่ 〰〰",
      "cal": "1800",
      "content": "🍚 ข้าวสวย  👉  3 ทัพพี \r\n🐔 ไก่  👉  6 ช้อนโต๊ะ \r\n🥒 ผัก  👉  1 ทัพพี\r\nกะทิ  👉  2 ช้อนโต๊ะ\r\n\r\n🗒 หมายเหตุ: ตักกะทิราดแต่พอควรนะคะ พยายามเน้นฟัก มะเขือ ฯลฯ ให้ได้พอ ๆ กับเนื้อไก่นะคะ"
    },
    { 
      "id": "4",
      "food": "〰〰 🍚 ข้าว + แกงเขียวหวานไก่ 〰〰",
      "cal": "1900",
      "content": "🍚 ข้าวสวย  👉  3 ทัพพี \r\n🐔 ไก่  👉  6 ช้อนโต๊ะ \r\n🥒 ผัก  👉  1 ทัพพี\r\nกะทิ  👉  3 ช้อนโต๊ะ\r\n\r\n🗒 หมายเหตุ: ตักกะทิราดแต่พอควรนะคะ พยายามเน้นฟัก มะเขือ ฯลฯ ให้ได้พอ ๆ กับเนื้อไก่นะคะ"
    },
    {
      "id": "5",
      "food": "〰〰 🍚 ข้าว + แกงเขียวหวานไก่ 〰〰",
      "cal": "2000",
      "content": "🍚 ข้าวสวย  👉  3 ทัพพี \r\n🐔 ไก่  👉  6 ช้อนโต๊ะ \r\n🥒 ผัก  👉  1 ทัพพี\r\nกะทิ  👉  3 ช้อนโต๊ะ\r\n\r\n🗒 หมายเหตุ: ตักกะทิราดแต่พอควรนะคะ พยายามเน้นฟัก มะเขือ ฯลฯ ให้ได้พอ ๆ กับเนื้อไก่นะคะ"
    },
    { 
      "id": "6",
      "food": "〰〰 🍚 ข้าว + แกงเขียวหวานไก่ 〰〰",
      "cal": "2100",
      "content": "🍚 ข้าวสวย  👉  3 ทัพพี \r\n🐔 ไก่  👉  6 ช้อนโต๊ะ \r\n🥒 ผัก  👉  1 ทัพพี\r\nกะทิ  👉  3 ช้อนโต๊ะ\r\n\r\n🗒 หมายเหตุ: ตักกะทิราดแต่พอควรนะคะ พยายามเน้นฟัก มะเขือ ฯลฯ ให้ได้พอ ๆ กับเนื้อไก่นะคะ"
    },
    {
      "id": "7",
      "food": "〰〰 🍚 ข้าว + แกงเขียวหวานไก่ 〰〰",
      "cal": "2200",
      "content": "🍚 ข้าวสวย  👉  3ทัพพี \r\n🐔 ไก่  👉  6 ช้อนโต๊ะ \r\n🥒 ผัก  👉  1 ทัพพี\r\nกะทิ  👉  3 ช้อนโต๊ะ\r\n\r\n🗒 หมายเหตุ: ตักกะทิราดแต่พอควรนะคะ พยายามเน้นฟัก มะเขือ ฯลฯ ให้ได้พอ ๆ กับเนื้อไก่นะคะ"
    },
    {
      "id": "8",
      "food": "〰〰 🍚 ข้าว + แกงเขียวหวานไก่ 〰〰",
      "cal": "2300",
      "content": "🍚 ข้าวสวย  👉  4 ทัพพี \r\n🐔 ไก่  👉  6 ช้อนโต๊ะ \r\n🥒 ผัก  👉  1 ทัพพี\r\nกะทิ  👉  3 ช้อนโต๊ะ\r\n\r\n🗒 หมายเหตุ: ตักกะทิราดแต่พอควรนะคะ พยายามเน้นฟัก มะเขือ ฯลฯ ให้ได้พอ ๆ กับเนื้อไก่นะคะ"
    },
    {
      "id": "9",
      "food": "〰〰 🍚 ข้าว + แกงเขียวหวานไก่ 〰〰",
      "cal": "2400",
      "content": "🍚 ข้าวสวย  👉  4 ทัพพี \r\n🐔 ไก่  👉  6 ช้อนโต๊ะ \r\n🥒 ผัก  👉  1 ทัพพี\r\nกะทิ  👉  3 ช้อนโต๊ะ\r\n\r\n🗒 หมายเหตุ: ตักกะทิราดแต่พอควรนะคะ พยายามเน้นฟัก มะเขือ ฯลฯ ให้ได้พอ ๆ กับเนื้อไก่นะคะ"
    },
    {
      "id": "10",
      "food": "〰〰 🍚 ข้าว + แกงเขียวหวานไก่ 〰〰",
      "cal": "2500",
      "content": "🍚 ข้าวสวย  👉  4 ทัพพี \r\n🐔 ไก่  👉  6 ช้อนโต๊ะ \r\n🥒 ผัก  👉  1 ทัพพี\r\nกะทิ  👉  3 ช้อนโต๊ะ\r\n\r\n🗒 หมายเหตุ: ตักกะทิราดแต่พอควรนะคะ พยายามเน้นฟัก มะเขือ ฯลฯ ให้ได้พอ ๆ กับเนื้อไก่นะคะ"
    },
    {
      "id": "11",
      "food": "〰〰 🍚 ข้าว + แกงเขียวหวานไก่ 〰〰",
      "cal": "2600",
      "content": "🍚 ข้าวสวย  👉  4 ทัพพี \r\n🐔 ไก่  👉  8ช้อนโต๊ะ \r\n🥒 ผัก  👉  1 ทัพพี\r\nกะทิ  👉  4 ช้อนโต๊ะ\r\n\r\n🗒 หมายเหตุ: ตักกะทิราดแต่พอควรนะคะ พยายามเน้นฟัก มะเขือ ฯลฯ ให้ได้พอ ๆ กับเนื้อไก่นะคะ"
    },
    {
      "id": "12",
      "food": "〰〰 🍚 ข้าว + แกงส้มไข่ชะอม 〰〰",
      "cal": "1600",
      "content": "🍚 ข้าวสวย  👉  3 ทัพพี \r\n🥒 ผัก  👉  1 ทัพพี\r\nไข่ชะอม  👉  6ช้อนโต๊ะ\r\n\r\n\r\n🗒 หมายเหตุ: เมนูนี้ปริมาณไขมันไม่เยอะมาก ยิ่งถ้าเปลี่ยนไข่ชะอมเป็นกุ้งหรือผักรวม จะยิ่งน้อยมาก เอาไว้ชดเชยกับมื้ออื่น ๆ ที่ไขมันเยอะได้ค่ะ"
    },
    {
      "id": "13",
      "food": "〰〰 🍚 ข้าว + แกงส้มไข่ชะอม 〰〰",
      "cal": "1700",
      "content": "🍚 ข้าวสวย  👉  3 ทัพพี \r\n🥒 ผัก  👉  1 ทัพพี\r\nไข่ชะอม  👉  6ช้อนโต๊ะ\r\n\r\n\r\n🗒 หมายเหตุ: เมนูนี้ปริมาณไขมันไม่เยอะมาก ยิ่งถ้าเปลี่ยนไข่ชะอมเป็นกุ้งหรือผักรวม จะยิ่งน้อยมาก เอาไว้ชดเชยกับมื้ออื่น ๆ ที่ไขมันเยอะได้ค่ะ"
    },    
    {
      "id": "14",
      "food": "〰〰 🍚 ข้าว + แกงส้มไข่ชะอม 〰〰",
      "cal": "1800",
      "content": "🍚 ข้าวสวย  👉  3 ทัพพี \r\n🥒 ผัก  👉  1 ทัพพี\r\nไข่ชะอม  👉  6ช้อนโต๊ะ\r\n\r\n\r\n🗒 หมายเหตุ: เมนูนี้ปริมาณไขมันไม่เยอะมาก ยิ่งถ้าเปลี่ยนไข่ชะอมเป็นกุ้งหรือผักรวม จะยิ่งน้อยมาก เอาไว้ชดเชยกับมื้ออื่น ๆ ที่ไขมันเยอะได้ค่ะ"
    },
    {
      "id": "15",
      "food": "〰〰 🍚 ข้าว + แกงส้มไข่ชะอม 〰〰",
      "cal": "1900",
      "content": "🍚 ข้าวสวย  👉  3 ทัพพี \r\n🥒 ผัก  👉  1 ทัพพี\r\nไข่ชะอม  👉  6 ช้อนโต๊ะ\r\n\r\n\r\n🗒 หมายเหตุ: เมนูนี้ปริมาณไขมันไม่เยอะมาก ยิ่งถ้าเปลี่ยนไข่ชะอมเป็นกุ้งหรือผักรวม จะยิ่งน้อยมาก เอาไว้ชดเชยกับมื้ออื่น ๆ ที่ไขมันเยอะได้ค่ะ"
    },
    {
      "id": "16",
      "food": "〰〰 🍚 ข้าว + แกงส้มไข่ชะอม 〰〰",
      "cal": "2000",
      "content": "🍚 ข้าวสวย  👉  3 ทัพพี \r\n🥒 ผัก  👉  1 ทัพพี\r\nไข่ชะอม  👉 6 ช้อนโต๊ะ\r\n\r\n\r\n🗒 หมายเหตุ: เมนูนี้ปริมาณไขมันไม่เยอะมาก ยิ่งถ้าเปลี่ยนไข่ชะอมเป็นกุ้งหรือผักรวม จะยิ่งน้อยมาก เอาไว้ชดเชยกับมื้ออื่น ๆ ที่ไขมันเยอะได้ค่ะ"
    },
    {
      "id": "17",
      "food": "〰〰 🍚 ข้าว + แกงส้มไข่ชะอม 〰〰",
      "cal": "2100",
      "content": "🍚 ข้าวสวย  👉  4 ทัพพี \r\n🥒 ผัก  👉  1 ทัพพี\r\nไข่ชะอม  👉  6  ช้อนโต๊ะ\r\n\r\n\r\n🗒 หมายเหตุ: เมนูนี้ปริมาณไขมันไม่เยอะมาก ยิ่งถ้าเปลี่ยนไข่ชะอมเป็นกุ้งหรือผักรวม จะยิ่งน้อยมาก เอาไว้ชดเชยกับมื้ออื่น ๆ ที่ไขมันเยอะได้ค่ะ"
    },
    {
      "id": "18",
      "food": "〰〰 🍚 ข้าว + แกงส้มไข่ชะอม 〰〰",
      "cal": "2200",
      "content": "🍚 ข้าวสวย  👉  3 ทัพพี \r\n🥒 ผัก  👉  1 ทัพพี\r\nไข่ชะอม  👉  6  ช้อนโต๊ะ\r\n\r\n\r\n🗒 หมายเหตุ: เมนูนี้ปริมาณไขมันไม่เยอะมาก ยิ่งถ้าเปลี่ยนไข่ชะอมเป็นกุ้งหรือผักรวม จะยิ่งน้อยมาก เอาไว้ชดเชยกับมื้ออื่น ๆ ที่ไขมันเยอะได้ค่ะ"
    },
    {
      "id": "19",
      "food": "〰〰 🍚 ข้าว + แกงส้มไข่ชะอม 〰〰",
      "cal": "2300",
      "content": "🍚 ข้าวสวย  👉  4 ทัพพี \r\n🥒 ผัก  👉  1 ทัพพี\r\nไข่ชะอม  👉  6 ช้อนโต๊ะ\r\n\r\n\r\n🗒 หมายเหตุ: เมนูนี้ปริมาณไขมันไม่เยอะมาก ยิ่งถ้าเปลี่ยนไข่ชะอมเป็นกุ้งหรือผักรวม จะยิ่งน้อยมาก เอาไว้ชดเชยกับมื้ออื่น ๆ ที่ไขมันเยอะได้ค่ะ"
    },
    {
      "id": "20",
      "food": "〰〰 🍚 ข้าว + แกงส้มไข่ชะอม 〰〰",
      "cal": "2400",
      "content": "🍚 ข้าวสวย  👉  4 ทัพพี \r\n🥒 ผัก  👉  1 ทัพพี\r\nไข่ชะอม  👉  6 ช้อนโต๊ะ\r\n\r\n\r\n🗒 หมายเหตุ: เมนูนี้ปริมาณไขมันไม่เยอะมาก ยิ่งถ้าเปลี่ยนไข่ชะอมเป็นกุ้งหรือผักรวม จะยิ่งน้อยมาก เอาไว้ชดเชยกับมื้ออื่น ๆ ที่ไขมันเยอะได้ค่ะ"
    },
    {
      "id": "21",
      "food": "〰〰 🍚 ข้าว + แกงส้มไข่ชะอม 〰〰",
      "cal": "2500",
      "content": "🍚 ข้าวสวย  👉  4 ทัพพี \r\n🥒 ผัก  👉  1 ทัพพี\r\nไข่ชะอม  👉  6 ช้อนโต๊ะ\r\n\r\n\r\n🗒 หมายเหตุ: เมนูนี้ปริมาณไขมันไม่เยอะมาก ยิ่งถ้าเปลี่ยนไข่ชะอมเป็นกุ้งหรือผักรวม จะยิ่งน้อยมาก เอาไว้ชดเชยกับมื้ออื่น ๆ ที่ไขมันเยอะได้ค่ะ"
    },
    {
      "id": "22",
      "food": "〰〰 🍚 ข้าว + แกงส้มไข่ชะอม 〰〰",
      "cal": "2600",
      "content": "🍚 ข้าวสวย  👉  4 ทัพพี \r\n🥒 ผัก  👉  1 ทัพพี\r\nไข่ชะอม  👉  8  ช้อนโต๊ะ\r\n\r\n\r\n🗒 หมายเหตุ: เมนูนี้ปริมาณไขมันไม่เยอะมาก ยิ่งถ้าเปลี่ยนไข่ชะอมเป็นกุ้งหรือผักรวม จะยิ่งน้อยมาก เอาไว้ชดเชยกับมื้ออื่น ๆ ที่ไขมันเยอะได้ค่ะ"
    },
    {
      "id": "23",
      "food": "〰〰 🍚 ข้าว + พะแนงหมู 〰〰",
      "cal": "1600",
      "content": "🍚 ข้าวสวย  👉  3 ทัพพี \r\n🐷 หมู  👉  6 ช้อนโต๊ะ\r\nกะทิ  👉 2 ช้อนโต๊ะ\r\n\r\n🗒 หมายเหตุ: เป็นเมนูยอดฮิตที่อาจจะมีผักน้อย อย่าลืมเลือกเมนูอื่นที่มีผักเยอะควบคู่กันไปนะคะ"
    },
    {
      "id": "24",
      "food": "〰〰 🍚 ข้าว + พะแนงหมู 〰〰",
      "cal": "1700",
      "content": "🍚 ข้าวสวย  👉  3 ทัพพี \r\n🐷 หมู  👉  6  ช้อนโต๊ะ\r\nกะทิ  👉 2 ช้อนโต๊ะ\r\n\r\n🗒 หมายเหตุ: เป็นเมนูยอดฮิตที่อาจจะมีผักน้อย อย่าลืมเลือกเมนูอื่นที่มีผักเยอะควบคู่กันไปนะคะ"
    },
    {
      "id": "25",
      "food": "〰〰 🍚 ข้าว + พะแนงหมู 〰〰",
      "cal": "1800",
      "content": "🍚 ข้าวสวย  👉  3 ทัพพี \r\n🐷 หมู  👉  6  ช้อนโต๊ะ\r\nกะทิ  👉 2 ช้อนโต๊ะ\r\n\r\n🗒 หมายเหตุ: เป็นเมนูยอดฮิตที่อาจจะมีผักน้อย อย่าลืมเลือกเมนูอื่นที่มีผักเยอะควบคู่กันไปนะคะ"
    },
    {
      "id": "26",
      "food": "〰〰 🍚 ข้าว + พะแนงหมู 〰〰",
      "cal": "1900",
      "content": "🍚 ข้าวสวย  👉  3 ทัพพี \r\n🐷 หมู  👉 6 ช้อนโต๊ะ\r\nกะทิ  👉 3 ช้อนโต๊ะ\r\n\r\n🗒 หมายเหตุ: เป็นเมนูยอดฮิตที่อาจจะมีผักน้อย อย่าลืมเลือกเมนูอื่นที่มีผักเยอะควบคู่กันไปนะคะ"
    },
    {
      "id": "27",
      "food": "〰〰 🍚 ข้าว + พะแนงหมู 〰〰",
      "cal": "2000",
      "content": "🍚 ข้าวสวย  👉  3 ทัพพี \r\n🐷 หมู  👉  6 4 ช้อนโต๊ะ\r\nกะทิ  👉 3 ช้อนโต๊ะ\r\n\r\n🗒 หมายเหตุ: เป็นเมนูยอดฮิตที่อาจจะมีผักน้อย อย่าลืมเลือกเมนูอื่นที่มีผักเยอะควบคู่กันไปนะคะ"
    },
    {
      "id": "28",
      "food": "〰〰 🍚 ข้าว + พะแนงหมู 〰〰",
      "cal": "2100",
      "content": "🍚 ข้าวสวย  👉  3  ทัพพี \r\n🐷 หมู  👉  6  ช้อนโต๊ะ\r\nกะทิ  👉 3 ช้อนโต๊ะ\r\n\r\n🗒 หมายเหตุ: เป็นเมนูยอดฮิตที่อาจจะมีผักน้อย อย่าลืมเลือกเมนูอื่นที่มีผักเยอะควบคู่กันไปนะคะ"
    },
    {
      "id": "29",
      "food": "〰〰 🍚 ข้าว + พะแนงหมู 〰〰",
      "cal": "2200",
      "content": "🍚 ข้าวสวย  👉  3 ทัพพี \r\n🐷 หมู  👉  6 ช้อนโต๊ะ\r\nกะทิ  👉 3 ช้อนโต๊ะ\r\n\r\n🗒 หมายเหตุ: เป็นเมนูยอดฮิตที่อาจจะมีผักน้อย อย่าลืมเลือกเมนูอื่นที่มีผักเยอะควบคู่กันไปนะคะ"
    },
    {
      "id": "30",
      "food": "〰〰 🍚 ข้าว + พะแนงหมู 〰〰",
      "cal": "2300",
      "content": "🍚 ข้าวสวย  👉  4 ทัพพี \r\n🐷 หมู  👉  6 ช้อนโต๊ะ\r\nกะทิ  👉 3 ช้อนโต๊ะ\r\n\r\n🗒 หมายเหตุ: เป็นเมนูยอดฮิตที่อาจจะมีผักน้อย อย่าลืมเลือกเมนูอื่นที่มีผักเยอะควบคู่กันไปนะคะ"
    },
    {
      "id": "31",
      "food": "〰〰 🍚 ข้าว + พะแนงหมู 〰〰",
      "cal": "2400",
      "content": "🍚 ข้าวสวย  👉  4 ทัพพี \r\n🐷 หมู  👉  6 ช้อนโต๊ะ\r\nกะทิ  👉 3 ช้อนโต๊ะ\r\n\r\n🗒 หมายเหตุ: เป็นเมนูยอดฮิตที่อาจจะมีผักน้อย อย่าลืมเลือกเมนูอื่นที่มีผักเยอะควบคู่กันไปนะคะ"
    },
    {
      "id": "32",
      "food": "〰〰 🍚 ข้าว + พะแนงหมู 〰〰",
      "cal": "2500",
      "content": "🍚 ข้าวสวย  👉  4 ทัพพี \r\n🐷 หมู  👉  6 ช้อนโต๊ะ\r\nกะทิ  👉 3 ช้อนโต๊ะ\r\n\r\n🗒 หมายเหตุ: เป็นเมนูยอดฮิตที่อาจจะมีผักน้อย อย่าลืมเลือกเมนูอื่นที่มีผักเยอะควบคู่กันไปนะคะ"
    },
    {
      "id": "33",
      "food": "〰〰 🍚 ข้าว + พะแนงหมู 〰〰",
      "cal": "2600",
      "content": "🍚 ข้าวสวย  👉  4 ทัพพี \r\n🐷 หมู  👉  8 ช้อนโต๊ะ\r\nกะทิ  👉 4ช้อนโต๊ะ\r\n\r\n🗒 หมายเหตุ: เป็นเมนูยอดฮิตที่อาจจะมีผักน้อย อย่าลืมเลือกเมนูอื่นที่มีผักเยอะควบคู่กันไปนะคะ"
    },
    {
      "id": "34",
      "food": "〰〰 🍚 ข้าว + น้ำพริก ปลาทูทอด 〰〰",
      "cal": "1600",
      "content": "🍚 ข้าวสวย  👉  3 ทัพพี \r\n🐟 ปลาทูทอด  👉  6  ช้อนโต๊ะ\r\n🥒 ผักสด   👉  1 ทัพพี\r\n\r\n🗒 หมายเหตุ: ตักน้ำพริกแต่พอควร กินกับผักสดนะคะ"
    },
    {
      "id": "35",
      "food": "〰〰 🍚 ข้าว + น้ำพริก ปลาทูทอด 〰〰",
      "cal": "1700",
      "content": "🍚 ข้าวสวย  👉  3 ทัพพี \r\n🐟 ปลาทูทอด  👉  6  ช้อนโต๊ะ\r\n🥒 ผักสด   👉  1 ทัพพี\r\n\r\n🗒 หมายเหตุ: ตักน้ำพริกแต่พอควร กินกับผักสดนะคะ "
    },
    {
      "id": "36",
      "food": "〰〰 🍚 ข้าว + น้ำพริก ปลาทูทอด 〰〰",
      "cal": "1800",
      "content": "🍚 ข้าวสวย  👉  3 ทัพพี \r\n🐟 ปลาทูทอด  👉  6  ช้อนโต๊ะ\r\n🥒 ผักสด   👉  1 ทัพพี\r\n\r\n🗒 หมายเหตุ: ตักน้ำพริกแต่พอควร กินกับผักสดนะคะ "
    },
    {
      "id": "37",
      "food": "〰〰 🍚 ข้าว + น้ำพริก ปลาทูทอด 〰〰",
      "cal": "1900",
      "content": "🍚 ข้าวสวย  👉  3 ทัพพี \r\n🐟 ปลาทูทอด  👉  6  ช้อนโต๊ะ\r\n🥒 ผักสด   👉  1 ทัพพี\r\n\r\n🗒 หมายเหตุ: ตักน้ำพริกแต่พอควร กินกับผักสดนะคะ "
    },
    {
      "id": "38",
      "food": "〰〰 🍚 ข้าว + น้ำพริก ปลาทูทอด 〰〰",
      "cal": "2000",
      "content": "🍚 ข้าวสวย  👉  3 ทัพพี \r\n🐟 ปลาทูทอด  👉  6  ช้อนโต๊ะ\r\n🥒 ผักสด   👉  1 ทัพพี\r\n\r\n🗒 หมายเหตุ: ตักน้ำพริกแต่พอควร กินกับผักสดนะคะ "
    },
    {
      "id": "39",
      "food": "〰〰 🍚 ข้าว + น้ำพริก ปลาทูทอด 〰〰",
      "cal": "2100",
      "content": "🍚 ข้าวสวย  👉  3 ทัพพี \r\n🐟 ปลาทูทอด  👉  6  ช้อนโต๊ะ\r\n🥒 ผักสด   👉  1 ทัพพี\r\n\r\n🗒 หมายเหตุ: ตักน้ำพริกแต่พอควร กินกับผักสดนะคะ "
    },
    {
      "id": "40",
      "food": "〰〰 🍚 ข้าว + น้ำพริก ปลาทูทอด 〰〰",
      "cal": "2200",
      "content": "🍚 ข้าวสวย  👉  3 ทัพพี \r\n🐟 ปลาทูทอด  👉  6 ช้อนโต๊ะ\r\n🥒 ผักสด   👉  1 ทัพพี\r\n\r\n🗒 หมายเหตุ: ตักน้ำพริกแต่พอควร กินกับผักสดนะคะ "
    },
    {
      "id": "41",
      "food": "〰〰 🍚 ข้าว + น้ำพริก ปลาทูทอด 〰〰",
      "cal": "2300",
      "content": "🍚 ข้าวสวย  👉  4 ทัพพี \r\n🐟 ปลาทูทอด  👉  6 ช้อนโต๊ะ\r\n🥒 ผักสด   👉  1 ทัพพี\r\n\r\n🗒 หมายเหตุ: ตักน้ำพริกแต่พอควร กินกับผักสดนะคะ "
    },
    {
      "id": "42",
      "food": "〰〰 🍚 ข้าว + น้ำพริก ปลาทูทอด 〰〰",
      "cal": "2400",
      "content": "🍚 ข้าวสวย  👉  4 ทัพพี \r\n🐟 ปลาทูทอด  👉  6 ช้อนโต๊ะ\r\n🥒 ผักสด   👉  1 ทัพพี\r\n\r\n🗒 หมายเหตุ: ตักน้ำพริกแต่พอควร กินกับผักสดนะคะ "
    },
    {
      "id": "43",
      "food": "〰〰 🍚 ข้าว + น้ำพริก ปลาทูทอด 〰〰",
      "cal": "2500",
      "content": "🍚 ข้าวสวย  👉  4 ทัพพี \r\n🐟 ปลาทูทอด  👉  6 ช้อนโต๊ะ\r\n🥒 ผักสด   👉  1 ทัพพี\r\n\r\n🗒 หมายเหตุ: ตักน้ำพริกแต่พอควร กินกับผักสดนะคะ "
    },
    {
      "id": "44",
      "food": "〰〰 🍚 ข้าว + น้ำพริก ปลาทูทอด 〰〰",
      "cal": "2600",
      "content": "🍚 ข้าวสวย  👉  4 ทัพพี \r\n🐟 ปลาทูทอด  👉  6 ช้อนโต๊ะ\r\n🥒 ผักสด   👉  1 ทัพพี\r\n\r\n🗒 หมายเหตุ: ตักน้ำพริกแต่พอควร กินกับผักสดนะคะ "
    },
    {
      "id": "45",
      "food": "〰〰 🍚 ข้าว + ไข่เจียวหมูสับ 〰〰",
      "cal": "1600",
      "content": "🍚 ข้าวสวย  👉  3 ทัพพี \r\n🥚 ไข่ไก่  👉  1 ฟอง\r\n🐷 หมูสับ  👉  4 ช้อนโต๊ะ\r\nน้ำมัน  👉  2 ช้อนชา\r\n\r\n🗒 หมายเหตุ: สูตรทั่วไปจะไม่ใส่ผัก ทำให้มีผักน้อย แต่อาจเพิ่มแครอท ข้าวโพดอ่อน ถั่วลันเตา กุยช่าย ฯลฯ เข้าไปเพื่อเพิ่มปริมาณผักได้นะคะ ถ้าไปซื้อข้างนอกระวังปริมาณไขมันนิดนึงนะคะ"
    },
    {
      "id": "46",
      "food": "〰〰 🍚 ข้าว + ไข่เจียวหมูสับ 〰〰",
      "cal": "1700",
      "content": "🍚 ข้าวสวย  👉  3 ทัพพี \r\n🥚 ไข่ไก่  👉  1 ฟอง\r\n🐷 หมูสับ  👉  4 ช้อนโต๊ะ\r\nน้ำมัน  👉  2 ช้อนชา\r\n\r\n🗒 หมายเหตุ: สูตรทั่วไปจะไม่ใส่ผัก ทำให้มีผักน้อย แต่อาจเพิ่มแครอท ข้าวโพดอ่อน ถั่วลันเตา กุยช่าย ฯลฯ เข้าไปเพื่อเพิ่มปริมาณผักได้นะคะ ถ้าไปซื้อข้างนอกระวังปริมาณไขมันนิดนึงนะคะ"
    },
    {
      "id": "47",
      "food": "〰〰 🍚 ข้าว + ไข่เจียวหมูสับ 〰〰",
      "cal": "1800",
      "content": "🍚 ข้าวสวย  👉  3 ทัพพี \r\n🥚 ไข่ไก่  👉  1 ฟอง\r\n🐷 หมูสับ  👉  4 ช้อนโต๊ะ\r\nน้ำมัน  👉  2 ช้อนชา\r\n\r\n🗒 หมายเหตุ: สูตรทั่วไปจะไม่ใส่ผัก ทำให้มีผักน้อย แต่อาจเพิ่มแครอท ข้าวโพดอ่อน ถั่วลันเตา กุยช่าย ฯลฯ เข้าไปเพื่อเพิ่มปริมาณผักได้นะคะ ถ้าไปซื้อข้างนอกระวังปริมาณไขมันนิดนึงนะคะ"
    },
    {
      "id": "48",
      "food": "〰〰 🍚 ข้าว + ไข่เจียวหมูสับ 〰〰",
      "cal": "1900",
      "content": "🍚 ข้าวสวย  👉  3 ทัพพี \r\n🥚 ไข่ไก่  👉  1 ฟอง\r\n🐷 หมูสับ  👉  4 ช้อนโต๊ะ\r\nน้ำมัน  👉  3 ช้อนชา\r\n\r\n🗒 หมายเหตุ: สูตรทั่วไปจะไม่ใส่ผัก ทำให้มีผักน้อย แต่อาจเพิ่มแครอท ข้าวโพดอ่อน ถั่วลันเตา กุยช่าย ฯลฯ เข้าไปเพื่อเพิ่มปริมาณผักได้นะคะ ถ้าไปซื้อข้างนอกระวังปริมาณไขมันนิดนึงนะคะ"
    },
    {
      "id": "49",
      "food": "〰〰 🍚 ข้าว + ไข่เจียวหมูสับ 〰〰",
      "cal": "2000",
      "content": "🍚 ข้าวสวย  👉  3 ทัพพี \r\n🥚 ไข่ไก่  👉  1 ฟอง\r\n🐷 หมูสับ  👉  4 ช้อนโต๊ะ\r\nน้ำมัน  👉  3 ช้อนชา\r\n\r\n🗒 หมายเหตุ: สูตรทั่วไปจะไม่ใส่ผัก ทำให้มีผักน้อย แต่อาจเพิ่มแครอท ข้าวโพดอ่อน ถั่วลันเตา กุยช่าย ฯลฯ เข้าไปเพื่อเพิ่มปริมาณผักได้นะคะ ถ้าไปซื้อข้างนอกระวังปริมาณไขมันนิดนึงนะคะ"
    },
    {
      "id": "50",
      "food": "〰〰 🍚 ข้าว + ไข่เจียวหมูสับ 〰〰",
      "cal": "2100",
      "content": "🍚 ข้าวสวย  👉  4 ทัพพี \r\n🥚 ไข่ไก่  👉  1 ฟอง\r\n🐷 หมูสับ  👉  4 ช้อนโต๊ะ\r\nน้ำมัน  👉  3 ช้อนชา\r\n\r\n🗒 หมายเหตุ: สูตรทั่วไปจะไม่ใส่ผัก ทำให้มีผักน้อย แต่อาจเพิ่มแครอท ข้าวโพดอ่อน ถั่วลันเตา กุยช่าย ฯลฯ เข้าไปเพื่อเพิ่มปริมาณผักได้นะคะ ถ้าไปซื้อข้างนอกระวังปริมาณไขมันนิดนึงนะคะ"
    },
    {
      "id": "51",
      "food": "〰〰 🍚 ข้าว + ไข่เจียวหมูสับ 〰〰",
      "cal": "2200",
      "content": "🍚 ข้าวสวย  👉  4 ทัพพี \r\n🥚 ไข่ไก่  👉  1 ฟอง\r\n🐷 หมูสับ  👉  4 ช้อนโต๊ะ\r\nน้ำมัน  👉  3 ช้อนชา\r\n\r\n🗒 หมายเหตุ: สูตรทั่วไปจะไม่ใส่ผัก ทำให้มีผักน้อย แต่อาจเพิ่มแครอท ข้าวโพดอ่อน ถั่วลันเตา กุยช่าย ฯลฯ เข้าไปเพื่อเพิ่มปริมาณผักได้นะคะ ถ้าไปซื้อข้างนอกระวังปริมาณไขมันนิดนึงนะคะ"
    },
    {
      "id": "52",
      "food": "〰〰 🍚 ข้าว + ไข่เจียวหมูสับ 〰〰",
      "cal": "2300",
      "content": "🍚 ข้าวสวย  👉  4 ทัพพี \r\n🥚 ไข่ไก่  👉  1 ฟอง\r\n🐷 หมูสับ  👉  4 ช้อนโต๊ะ\r\nน้ำมัน  👉  3 ช้อนชา\r\n\r\n🗒 หมายเหตุ: สูตรทั่วไปจะไม่ใส่ผัก ทำให้มีผักน้อย แต่อาจเพิ่มแครอท ข้าวโพดอ่อน ถั่วลันเตา กุยช่าย ฯลฯ เข้าไปเพื่อเพิ่มปริมาณผักได้นะคะ ถ้าไปซื้อข้างนอกระวังปริมาณไขมันนิดนึงนะคะ"
    },
    {
      "id": "53",
      "food": "〰〰 🍚 ข้าว + ไข่เจียวหมูสับ 〰〰",
      "cal": "2400",
      "content": "🍚 ข้าวสวย  👉  4 ทัพพี \r\n🥚 ไข่ไก่  👉  1 ฟอง\r\n🐷 หมูสับ  👉  4 ช้อนโต๊ะ\r\nน้ำมัน  👉  3 ช้อนชา\r\n\r\n🗒 หมายเหตุ: สูตรทั่วไปจะไม่ใส่ผัก ทำให้มีผักน้อย แต่อาจเพิ่มแครอท ข้าวโพดอ่อน ถั่วลันเตา กุยช่าย ฯลฯ เข้าไปเพื่อเพิ่มปริมาณผักได้นะคะ ถ้าไปซื้อข้างนอกระวังปริมาณไขมันนิดนึงนะคะ"
    },
    {
      "id": "54",
      "food": "〰〰 🍚 ข้าว + ไข่เจียวหมูสับ 〰〰",
      "cal": "2500",
      "content": "🍚 ข้าวสวย  👉  4 ทัพพี \r\n🥚 ไข่ไก่  👉  1 ฟอง\r\n🐷 หมูสับ  👉  4 ช้อนโต๊ะ\r\nน้ำมัน  👉  3 ช้อนชา\r\n\r\n🗒 หมายเหตุ: สูตรทั่วไปจะไม่ใส่ผัก ทำให้มีผักน้อย แต่อาจเพิ่มแครอท ข้าวโพดอ่อน ถั่วลันเตา กุยช่าย ฯลฯ เข้าไปเพื่อเพิ่มปริมาณผักได้นะคะ ถ้าไปซื้อข้างนอกระวังปริมาณไขมันนิดนึงนะคะ"
    },
    {
      "id": "55",
      "food": "〰〰 🍚 ข้าว + ไข่เจียวหมูสับ 〰〰",
      "cal": "2600",
      "content": "🍚 ข้าวสวย  👉  4 ทัพพี \r\n🥚 ไข่ไก่  👉  1 ฟอง\r\n🐷 หมูสับ  👉  6 ช้อนโต๊ะ\r\nน้ำมัน  👉  4 ช้อนชา\r\n\r\n🗒 หมายเหตุ: สูตรทั่วไปจะไม่ใส่ผัก ทำให้มีผักน้อย แต่อาจเพิ่มแครอท ข้าวโพดอ่อน ถั่วลันเตา กุยช่าย ฯลฯ เข้าไปเพื่อเพิ่มปริมาณผักได้นะคะ ถ้าไปซื้อข้างนอกระวังปริมาณไขมันนิดนึงนะคะ"
    },
    {
      "id": "56",
      "food": "〰〰 🍚 ข้าว + ดอกกุยช่ายผัดตับ 〰〰",
      "cal": "1600",
      "content": "🍚 ข้าวสวย  👉  3 ทัพพี \r\nตับ  👉  6 ช้อนโต๊ะ \r\nดอกกุยช่าย  👉  1 ทัพพี\r\nน้ำมัน  👉  2 ช้อนชา"
    },  
    {
      "id": "57",
      "food": "〰〰 🍚 ข้าว + ดอกกุยช่ายผัดตับ 〰〰",
      "cal": "1700",
      "content": "🍚 ข้าวสวย  👉  3 ทัพพี \r\nตับ  👉  6 ช้อนโต๊ะ \r\nดอกกุยช่าย  👉  1 ทัพพี\r\nน้ำมัน  👉  2 ช้อนชา"
    },  
    {
      "id": "58",
      "food": "〰〰 🍚 ข้าว + ดอกกุยช่ายผัดตับ 〰〰",
      "cal": "1800",
      "content": "🍚 ข้าวสวย  👉  3 ทัพพี \r\nตับ  👉  6 ช้อนโต๊ะ \r\nดอกกุยช่าย  👉  1 ทัพพี\r\nน้ำมัน  👉  2 ช้อนชา"
    },  
    {
      "id": "59",
      "food": "〰〰 🍚 ข้าว + ดอกกุยช่ายผัดตับ 〰〰",
      "cal": "1900",
      "content": "🍚 ข้าวสวย  👉  3 ทัพพี \r\nตับ  👉  6 ช้อนโต๊ะ \r\nดอกกุยช่าย  👉  1 ทัพพี\r\nน้ำมัน  👉  3 ช้อนชา"
    },  
    {
      "id": "60",
      "food": "〰〰 🍚 ข้าว + ดอกกุยช่ายผัดตับ 〰〰",
      "cal": "2000",
      "content": "🍚 ข้าวสวย  👉  3 ทัพพี \r\nตับ  👉  6 ช้อนโต๊ะ \r\nดอกกุยช่าย  👉  1 ทัพพี\r\nน้ำมัน  👉  3 ช้อนชา"
    },
    {
      "id": "61",
      "food": "〰〰 🍚 ข้าว + ดอกกุยช่ายผัดตับ 〰〰",
      "cal": "2100",
      "content": "🍚 ข้าวสวย  👉  3 ทัพพี \r\nตับ  👉  6 ช้อนโต๊ะ \r\nดอกกุยช่าย  👉  1 ทัพพี\r\nน้ำมัน  👉  3 ช้อนชา"
    },  
    {
      "id": "62",
      "food": "〰〰 🍚 ข้าว + ดอกกุยช่ายผัดตับ 〰〰",
      "cal": "2200",
      "content": "🍚 ข้าวสวย  👉  3 ทัพพี \r\nตับ  👉  6 ช้อนโต๊ะ \r\nดอกกุยช่าย  👉  1 ทัพพี\r\nน้ำมัน  👉  3 ช้อนชา"
    },  
    {
      "id": "63",
      "food": "〰〰 🍚 ข้าว + ดอกกุยช่ายผัดตับ 〰〰",
      "cal": "2300",
      "content": "🍚 ข้าวสวย  👉  4 ทัพพี \r\nตับ  👉  6 ช้อนโต๊ะ \r\nดอกกุยช่าย  👉  1 ทัพพี\r\nน้ำมัน  👉  3 ช้อนชา"
    },  
    {
      "id": "64",
      "food": "〰〰 🍚 ข้าว + ดอกกุยช่ายผัดตับ 〰〰",
      "cal": "2400",
      "content": "🍚 ข้าวสวย  👉  4 ทัพพี \r\nตับ  👉  6 ช้อนโต๊ะ \r\nดอกกุยช่าย  👉  1 ทัพพี\r\nน้ำมัน  👉  3 ช้อนชา"
    },  
    {
      "id": "65",
      "food": "〰〰 🍚 ข้าว + ดอกกุยช่ายผัดตับ 〰〰",
      "cal": "2500",
      "content": "🍚 ข้าวสวย  👉  4 ทัพพี \r\nตับ  👉  6 ช้อนโต๊ะ \r\nดอกกุยช่าย  👉  1 ทัพพี\r\nน้ำมัน  👉  3 ช้อนชา"
    },  
    {
      "id": "66",
      "food": "〰〰 🍚 ข้าว + ดอกกุยช่ายผัดตับ 〰〰",
      "cal": "2600",
      "content": "🍚 ข้าวสวย  👉  4 ทัพพี \r\nตับ  👉  8 ช้อนโต๊ะ \r\nดอกกุยช่าย  👉  1 ทัพพี\r\nน้ำมัน  👉  4 ช้อนชา"
    },
    {
      "id": "67",
      "food": "〰〰 🍚 ข้าว + ต้มมะระซี่โครงหมู 〰〰",
      "cal": "1600",
      "content": "🍚 ข้าวสวย  👉  3 ทัพพี \r\nมะระ  👉  1 ทัพพี \r\nซี่โครงหมู  👉  6 ช้อนโต๊ะ\r\n\r\n🗒 หมายเหตุ: เมนูนี้มีไขมันน้อย (ยกเว้นหนังที่ติดมากับซี่โครงหมู) ถ้าเน้นมะระจะทำให้ได้รับไขมันน้อย เอาไว้ชดเชยกับมื้ออื่น ๆ ที่ไขมันเยอะได้ค่ะ"
    },  
    {
      "id": "68",
      "food": "〰〰 🍚 ข้าว + ต้มมะระซี่โครงหมู 〰〰",
      "cal": "1700",
      "content": "🍚 ข้าวสวย  👉  3 ทัพพี \r\nมะระ  👉  1 ทัพพี \r\nซี่โครงหมู  👉  6 ช้อนโต๊ะ\r\n\r\n🗒 หมายเหตุ: เมนูนี้มีไขมันน้อย (ยกเว้นหนังที่ติดมากับซี่โครงหมู) ถ้าเน้นมะระจะทำให้ได้รับไขมันน้อย เอาไว้ชดเชยกับมื้ออื่น ๆ ที่ไขมันเยอะได้ค่ะ"
    },  
    {
      "id": "69",
      "food": "〰〰 🍚 ข้าว + ต้มมะระซี่โครงหมู 〰〰",
      "cal": "1800",
      "content": "🍚 ข้าวสวย  👉  3 ทัพพี \r\nมะระ  👉  1 ทัพพี \r\nซี่โครงหมู  👉  6 ช้อนโต๊ะ\r\n\r\n🗒 หมายเหตุ: เมนูนี้มีไขมันน้อย (ยกเว้นหนังที่ติดมากับซี่โครงหมู) ถ้าเน้นมะระจะทำให้ได้รับไขมันน้อย เอาไว้ชดเชยกับมื้ออื่น ๆ ที่ไขมันเยอะได้ค่ะ"
    },  
    {
      "id": "70",
      "food": "〰〰 🍚 ข้าว + ต้มมะระซี่โครงหมู 〰〰",
      "cal": "1900",
      "content": "🍚 ข้าวสวย  👉  3 ทัพพี \r\nมะระ  👉  1 ทัพพี \r\nซี่โครงหมู  👉  6 ช้อนโต๊ะ\r\n\r\n🗒 หมายเหตุ: เมนูนี้มีไขมันน้อย (ยกเว้นหนังที่ติดมากับซี่โครงหมู) ถ้าเน้นมะระจะทำให้ได้รับไขมันน้อย เอาไว้ชดเชยกับมื้ออื่น ๆ ที่ไขมันเยอะได้ค่ะ"
    },  
    {
      "id": "71",
      "food": "〰〰 🍚 ข้าว + ต้มมะระซี่โครงหมู 〰〰",
      "cal": "2000",
      "content": "🍚 ข้าวสวย  👉  3 ทัพพี \r\nมะระ  👉  1 ทัพพี \r\nซี่โครงหมู  👉  6 ช้อนโต๊ะ\r\n\r\n🗒 หมายเหตุ: เมนูนี้มีไขมันน้อย (ยกเว้นหนังที่ติดมากับซี่โครงหมู) ถ้าเน้นมะระจะทำให้ได้รับไขมันน้อย เอาไว้ชดเชยกับมื้ออื่น ๆ ที่ไขมันเยอะได้ค่ะ"
    },  
    {
      "id": "72",
      "food": "〰〰 🍚 ข้าว + ต้มมะระซี่โครงหมู 〰〰",
      "cal": "2100",
      "content": "🍚 ข้าวสวย  👉  4 ทัพพี \r\nมะระ  👉  1 ทัพพี \r\nซี่โครงหมู  👉  6 ช้อนโต๊ะ\r\n\r\n🗒 หมายเหตุ: เมนูนี้มีไขมันน้อย (ยกเว้นหนังที่ติดมากับซี่โครงหมู) ถ้าเน้นมะระจะทำให้ได้รับไขมันน้อย เอาไว้ชดเชยกับมื้ออื่น ๆ ที่ไขมันเยอะได้ค่ะ"
    },  
    {
      "id": "73",
      "food": "〰〰 🍚 ข้าว + ต้มมะระซี่โครงหมู 〰〰",
      "cal": "2200",
      "content": "🍚 ข้าวสวย  👉  3 ทัพพี \r\nมะระ  👉  1 ทัพพี \r\nซี่โครงหมู  👉  6 ช้อนโต๊ะ\r\n\r\n🗒 หมายเหตุ: เมนูนี้มีไขมันน้อย (ยกเว้นหนังที่ติดมากับซี่โครงหมู) ถ้าเน้นมะระจะทำให้ได้รับไขมันน้อย เอาไว้ชดเชยกับมื้ออื่น ๆ ที่ไขมันเยอะได้ค่ะ"
    },  
    {
      "id": "74",
      "food": "〰〰 🍚 ข้าว + ต้มมะระซี่โครงหมู 〰〰",
      "cal": "2300",
      "content": "🍚 ข้าวสวย  👉  4 ทัพพี \r\nมะระ  👉  1 ทัพพี \r\nซี่โครงหมู  👉  6 ช้อนโต๊ะ\r\n\r\n🗒 หมายเหตุ: เมนูนี้มีไขมันน้อย (ยกเว้นหนังที่ติดมากับซี่โครงหมู) ถ้าเน้นมะระจะทำให้ได้รับไขมันน้อย เอาไว้ชดเชยกับมื้ออื่น ๆ ที่ไขมันเยอะได้ค่ะ"
    },  
    {
      "id": "75",
      "food": "〰〰 🍚 ข้าว + ต้มมะระซี่โครงหมู 〰〰",
      "cal": "2400",
      "content": "🍚 ข้าวสวย  👉  4 ทัพพี \r\nมะระ  👉  1 ทัพพี \r\nซี่โครงหมู  👉  6 ช้อนโต๊ะ\r\n\r\n🗒 หมายเหตุ: เมนูนี้มีไขมันน้อย (ยกเว้นหนังที่ติดมากับซี่โครงหมู) ถ้าเน้นมะระจะทำให้ได้รับไขมันน้อย เอาไว้ชดเชยกับมื้ออื่น ๆ ที่ไขมันเยอะได้ค่ะ"
    },  
    {
      "id": "76",
      "food": "〰〰 🍚 ข้าว + ต้มมะระซี่โครงหมู 〰〰",
      "cal": "2500",
      "content": "🍚 ข้าวสวย  👉  4 ทัพพี \r\nมะระ  👉  1 ทัพพี \r\nซี่โครงหมู  👉  6 ช้อนโต๊ะ\r\n\r\n🗒 หมายเหตุ: เมนูนี้มีไขมันน้อย (ยกเว้นหนังที่ติดมากับซี่โครงหมู) ถ้าเน้นมะระจะทำให้ได้รับไขมันน้อย เอาไว้ชดเชยกับมื้ออื่น ๆ ที่ไขมันเยอะได้ค่ะ"
    },  
    {
      "id": "77",
      "food": "〰〰 🍚 ข้าว + ต้มมะระซี่โครงหมู 〰〰",
      "cal": "2600",
      "content": "🍚 ข้าวสวย  👉  4 ทัพพี \r\nมะระ  👉  1 ทัพพี \r\nซี่โครงหมู  👉  8 ช้อนโต๊ะ\r\n\r\n🗒 หมายเหตุ: เมนูนี้มีไขมันน้อย (ยกเว้นหนังที่ติดมากับซี่โครงหมู) ถ้าเน้นมะระจะทำให้ได้รับไขมันน้อย เอาไว้ชดเชยกับมื้ออื่น ๆ ที่ไขมันเยอะได้ค่ะ"
    }, 
    {
      "id": "78", 
      "food": "〰〰 🍚 ข้าว + ห่อหมกปลาใบยอ 〰〰",
      "cal": "1600",
      "content": "🍚 ข้าวสวย  👉  3 ทัพพี \r\n🐟 ปลา  👉  6 ช้อนโต๊ะ\r\nกะทิ  👉  2 ช้อนโต๊ะ\r\nใบยอ  👉  1 ทัพพี\r\n\r\n🗒 หมายเหตุ: ปริมาณผัก (ใบยอ ใบกะเพรา) อาจจะขึ้นอยู่กับแต่ละร้าน สังเกตดี ๆ และพยายามเลือกร้านที่ให้ผักเยอะนะคะ"
    },  
    {
      "id": "79",
      "food": "〰〰 🍚 ข้าว + ห่อหมกปลาใบยอ 〰〰",
      "cal": "1700",
      "content": "🍚 ข้าวสวย  👉  3 ทัพพี \r\n🐟 ปลา  👉  6 ช้อนโต๊ะ\r\nกะทิ  👉  2 ช้อนโต๊ะ\r\nใบยอ  👉  1 ทัพพี\r\n\r\n🗒 หมายเหตุ: ปริมาณผัก (ใบยอ ใบกะเพรา) อาจจะขึ้นอยู่กับแต่ละร้าน สังเกตดี ๆ และพยายามเลือกร้านที่ให้ผักเยอะนะคะ"
    },  
    {
      "id": "80",
      "food": "〰〰 🍚 ข้าว + ห่อหมกปลาใบยอ 〰〰",
      "cal": "1800",
      "content": "🍚 ข้าวสวย  👉  3 ทัพพี \r\n🐟 ปลา  👉  6 ช้อนโต๊ะ\r\nกะทิ  👉  2 ช้อนโต๊ะ\r\nใบยอ  👉  1 ทัพพี\r\n\r\n🗒 หมายเหตุ: ปริมาณผัก (ใบยอ ใบกะเพรา) อาจจะขึ้นอยู่กับแต่ละร้าน สังเกตดี ๆ และพยายามเลือกร้านที่ให้ผักเยอะนะคะ"
    },  
    {
      "id": "81",
      "food": "〰〰 🍚 ข้าว + ห่อหมกปลาใบยอ 〰〰",
      "cal": "1900",
      "content": "🍚 ข้าวสวย  👉  3 ทัพพี \r\n🐟 ปลา  👉  6 ช้อนโต๊ะ\r\nกะทิ  👉  3 ช้อนโต๊ะ\r\nใบยอ  👉  1 ทัพพี\r\n\r\n🗒 หมายเหตุ: ปริมาณผัก (ใบยอ ใบกะเพรา) อาจจะขึ้นอยู่กับแต่ละร้าน สังเกตดี ๆ และพยายามเลือกร้านที่ให้ผักเยอะนะคะ"
    },  
    {
      "id": "82",
      "food": "〰〰 🍚 ข้าว + ห่อหมกปลาใบยอ 〰〰",
      "cal": "2000",
      "content": "🍚 ข้าวสวย  👉  3 ทัพพี \r\n🐟 ปลา  👉  6 ช้อนโต๊ะ\r\nกะทิ  👉  3 ช้อนโต๊ะ\r\nใบยอ  👉  1 ทัพพี\r\n\r\n🗒 หมายเหตุ: ปริมาณผัก (ใบยอ ใบกะเพรา) อาจจะขึ้นอยู่กับแต่ละร้าน สังเกตดี ๆ และพยายามเลือกร้านที่ให้ผักเยอะนะคะ"
    },  
    {
      "id": "83",
      "food": "〰〰 🍚 ข้าว + ห่อหมกปลาใบยอ 〰〰",
      "cal": "2100",
      "content": "🍚 ข้าวสวย  👉  3 ทัพพี \r\n🐟 ปลา  👉  6 ช้อนโต๊ะ\r\nกะทิ  👉  3 ช้อนโต๊ะ\r\nใบยอ  👉  1 ทัพพี\r\n\r\n🗒 หมายเหตุ: ปริมาณผัก (ใบยอ ใบกะเพรา) อาจจะขึ้นอยู่กับแต่ละร้าน สังเกตดี ๆ และพยายามเลือกร้านที่ให้ผักเยอะนะคะ"
    },  
    {
      "id": "84",
      "food": "〰〰 🍚 ข้าว + ห่อหมกปลาใบยอ 〰〰",
      "cal": "2200",
      "content": "🍚 ข้าวสวย  👉  3 ทัพพี \r\n🐟 ปลา  👉  6 ช้อนโต๊ะ\r\nกะทิ  👉  3 ช้อนโต๊ะ\r\nใบยอ  👉  1 ทัพพี\r\n\r\n🗒 หมายเหตุ: ปริมาณผัก (ใบยอ ใบกะเพรา) อาจจะขึ้นอยู่กับแต่ละร้าน สังเกตดี ๆ และพยายามเลือกร้านที่ให้ผักเยอะนะคะ "
    },  
    {
      "id": "85",
      "food": "〰〰 🍚 ข้าว + ห่อหมกปลาใบยอ 〰〰",
      "cal": "2300",
      "content": "🍚 ข้าวสวย  👉  4 ทัพพี \r\n🐟 ปลา  👉  6 ช้อนโต๊ะ\r\nกะทิ  👉  3 ช้อนโต๊ะ\r\nใบยอ  👉  1 ทัพพี\r\n\r\n🗒 หมายเหตุ: ปริมาณผัก (ใบยอ ใบกะเพรา) อาจจะขึ้นอยู่กับแต่ละร้าน สังเกตดี ๆ และพยายามเลือกร้านที่ให้ผักเยอะนะคะ"
    },  
    {
      "id": "86",
      "food": "〰〰 🍚 ข้าว + ห่อหมกปลาใบยอ 〰〰",
      "cal": "2400",
      "content": "🍚 ข้าวสวย  👉  4 ทัพพี \r\n🐟 ปลา  👉  6 ช้อนโต๊ะ\r\nกะทิ  👉  3 ช้อนโต๊ะ\r\nใบยอ  👉  1 ทัพพี\r\n\r\n🗒 หมายเหตุ: ปริมาณผัก (ใบยอ ใบกะเพรา) อาจจะขึ้นอยู่กับแต่ละร้าน สังเกตดี ๆ และพยายามเลือกร้านที่ให้ผักเยอะนะคะ"
    },  
    {
      "id": "87",
      "food": "〰〰 🍚 ข้าว + ห่อหมกปลาใบยอ 〰〰",
      "cal": "2500",
      "content": "🍚 ข้าวสวย  👉  4 ทัพพี \r\n🐟 ปลา  👉  6 ช้อนโต๊ะ\r\nกะทิ  👉  3 ช้อนโต๊ะ\r\nใบยอ  👉  1 ทัพพี\r\n\r\n🗒 หมายเหตุ: ปริมาณผัก (ใบยอ ใบกะเพรา) อาจจะขึ้นอยู่กับแต่ละร้าน สังเกตดี ๆ และพยายามเลือกร้านที่ให้ผักเยอะนะคะ "
    },  
    {
      "id": "88",
      "food": "〰〰 🍚 ข้าว + ห่อหมกปลาใบยอ 〰〰",
      "cal": "2600",
      "content": "🍚 ข้าวสวย  👉  4 ทัพพี \r\n🐟 ปลา  👉  8 ช้อนโต๊ะ\r\nกะทิ  👉  3 ช้อนโต๊ะ\r\nใบยอ  👉  1 ทัพพี\r\n\r\n🗒 หมายเหตุ: ปริมาณผัก (ใบยอ ใบกะเพรา) อาจจะขึ้นอยู่กับแต่ละร้าน สังเกตดี ๆ และพยายามเลือกร้านที่ให้ผักเยอะนะคะ"
    },  
    {
      "id": "89",
      "food": "〰〰 🍚 ข้าว + แกงเลียงกุ้งสด 〰〰",
      "cal": "1600",
      "content": "🍚 ข้าวสวย  👉  3 ทัพพี \r\n🥒ผัก  👉  1 ทัพพี\r\n🦐 กุ้ง  👉  6 ช้อนโต๊ะ\r\n\r\n🗒 หมายเหตุ: เมนูนี้มีไขมันน้อยแต่ผักเยอะ เอาไว้ชดเชยกับมื้ออื่น ๆ ที่ไขมันเยอะได้ค่ะ"
    },  
    {
      "id": "90",
      "food": "〰〰 🍚 ข้าว + แกงเลียงกุ้งสด 〰〰",
      "cal": "1700",
      "content": "🍚 ข้าวสวย  👉  3 ทัพพี \r\n🥒ผัก  👉  1 ทัพพี\r\n🦐 กุ้ง  👉  6 ช้อนโต๊ะ\r\n\r\n🗒 หมายเหตุ: เมนูนี้มีไขมันน้อยแต่ผักเยอะ เอาไว้ชดเชยกับมื้ออื่น ๆ ที่ไขมันเยอะได้ค่ะ"
    },  
    {
      "id": "91",
      "food": "〰〰 🍚 ข้าว + แกงเลียงกุ้งสด 〰〰",
      "cal": "1800",
      "content": "🍚 ข้าวสวย  👉  3 ทัพพี \r\n🥒ผัก  👉  1 ทัพพี\r\n🦐 กุ้ง  👉  6 ช้อนโต๊ะ\r\n\r\n🗒 หมายเหตุ: เมนูนี้มีไขมันน้อยแต่ผักเยอะ เอาไว้ชดเชยกับมื้ออื่น ๆ ที่ไขมันเยอะได้ค่ะ"
    },  
    {
      "id": "92",
      "food": "〰〰 🍚 ข้าว + แกงเลียงกุ้งสด 〰〰",
      "cal": "1900",
      "content": "🍚 ข้าวสวย  👉  3 ทัพพี \r\n🥒ผัก  👉  1 ทัพพี\r\n🦐 กุ้ง  👉  6 ช้อนโต๊ะ\r\n\r\n🗒 หมายเหตุ: เมนูนี้มีไขมันน้อยแต่ผักเยอะ เอาไว้ชดเชยกับมื้ออื่น ๆ ที่ไขมันเยอะได้ค่ะ"
    },  
    {
      "id": "93",
      "food": "〰〰 🍚 ข้าว + แกงเลียงกุ้งสด 〰〰",
      "cal": "2000",
      "content": "🍚 ข้าวสวย  👉  3 ทัพพี \r\n🥒ผัก  👉  1 ทัพพี\r\n🦐 กุ้ง  👉  6 ช้อนโต๊ะ\r\n\r\n🗒 หมายเหตุ: เมนูนี้มีไขมันน้อยแต่ผักเยอะ เอาไว้ชดเชยกับมื้ออื่น ๆ ที่ไขมันเยอะได้ค่ะ"
    },  
    {
      "id": "94",
      "food": "〰〰 🍚 ข้าว + แกงเลียงกุ้งสด 〰〰",
      "cal": "2100",
      "content": "🍚 ข้าวสวย  👉  3 ทัพพี \r\n🥒ผัก  👉  1 ทัพพี\r\n🦐 กุ้ง  👉  6 ช้อนโต๊ะ\r\n\r\n🗒 หมายเหตุ: เมนูนี้มีไขมันน้อยแต่ผักเยอะ เอาไว้ชดเชยกับมื้ออื่น ๆ ที่ไขมันเยอะได้ค่ะ"
    },  
    {
      "id": "95",
      "food": "〰〰 🍚 ข้าว + แกงเลียงกุ้งสด 〰〰",
      "cal": "2200",
      "content": "🍚 ข้าวสวย  👉  3 ทัพพี \r\n🥒ผัก  👉  1 ทัพพี\r\n🦐 กุ้ง  👉  6 ช้อนโต๊ะ\r\n\r\n🗒 หมายเหตุ: เมนูนี้มีไขมันน้อยแต่ผักเยอะ เอาไว้ชดเชยกับมื้ออื่น ๆ ที่ไขมันเยอะได้ค่ะ"
    },  
    {
      "id": "96",
      "food": "〰〰 🍚 ข้าว + แกงเลียงกุ้งสด 〰〰",
      "cal": "2300",
      "content": "🍚 ข้าวสวย  👉  4 ทัพพี \r\n🥒ผัก  👉  1 ทัพพี\r\n🦐 กุ้ง  👉  6 ช้อนโต๊ะ\r\n\r\n🗒 หมายเหตุ: เมนูนี้มีไขมันน้อยแต่ผักเยอะ เอาไว้ชดเชยกับมื้ออื่น ๆ ที่ไขมันเยอะได้ค่ะ"
    },
    {
      "id": "97",
      "food": "〰〰 🍚 ข้าว + แกงเลียงกุ้งสด 〰〰",
      "cal": "2400",
      "content": "🍚 ข้าวสวย  👉  4 ทัพพี \r\n🥒ผัก  👉  1 ทัพพี\r\n🦐 กุ้ง  👉  6 ช้อนโต๊ะ\r\n\r\n🗒 หมายเหตุ: เมนูนี้มีไขมันน้อยแต่ผักเยอะ เอาไว้ชดเชยกับมื้ออื่น ๆ ที่ไขมันเยอะได้ค่ะ"
    }, 
    {
      "id": "98",
      "food": "〰〰 🍚 ข้าว + แกงเลียงกุ้งสด 〰〰",
      "cal": "2500",
      "content": "🍚 ข้าวสวย  👉  4 ทัพพี \r\n🥒ผัก  👉  1 ทัพพี\r\n🦐 กุ้ง  👉  6 ช้อนโต๊ะ\r\n\r\n🗒 หมายเหตุ: เมนูนี้มีไขมันน้อยแต่ผักเยอะ เอาไว้ชดเชยกับมื้ออื่น ๆ ที่ไขมันเยอะได้ค่ะ"
    }, 
    {
      "id": "99",
      "food": "〰〰 🍚 ข้าว + แกงเลียงกุ้งสด 〰〰",
      "cal": "2600",
      "content": "🍚 ข้าวสวย  👉  4 ทัพพี \r\n🥒ผัก  👉  1 ทัพพี\r\n🦐 กุ้ง  👉  8 ช้อนโต๊ะ\r\n\r\n🗒 หมายเหตุ: เมนูนี้มีไขมันน้อยแต่ผักเยอะ เอาไว้ชดเชยกับมื้ออื่น ๆ ที่ไขมันเยอะได้ค่ะ"
    }, 
    {
      "id": "100",
      "food": "〰〰 🍚 ข้าว + ลาบหมู 〰〰",
      "cal": "1600",
      "content": "🍚 ข้าวสวย  👉  3 ทัพพี \r\n🐷 เนื้อหมู  👉  6 ช้อนโต๊ะ\r\n🥒 ผักสด 👉  1 ทัพพี\r\n\r\n🗒 หมายเหตุ: ถ้าเลือกหมูสับไม่มัน จะทำให้ได้ไขมันที่น้อยลงค่ะ"
    },
    {
      "id": "101",
      "food": "〰〰 🍚 ข้าว + ลาบหมู 〰〰",
      "cal": "1700",
      "content": "🍚 ข้าวสวย  👉  3 ทัพพี \r\n🐷 เนื้อหมู  👉  6 ช้อนโต๊ะ\r\n🥒 ผักสด 👉  1 ทัพพี\r\n\r\n🗒 หมายเหตุ: ถ้าเลือกหมูสับไม่มัน จะทำให้ได้ไขมันที่น้อยลงค่ะ"
    }, 
    {
      "id": "102",
      "food": "〰〰 🍚 ข้าว + ลาบหมู 〰〰",
      "cal": "1800",
      "content": "🍚 ข้าวสวย  👉  3 ทัพพี \r\n🐷 เนื้อหมู  👉  6 ช้อนโต๊ะ\r\n🥒 ผักสด 👉  1 ทัพพี\r\n\r\n🗒 หมายเหตุ: ถ้าเลือกหมูสับไม่มัน จะทำให้ได้ไขมันที่น้อยลงค่ะ"
    }, 
    {
      "id": "103",
      "food": "〰〰 🍚 ข้าว + ลาบหมู 〰〰",
      "cal": "1900",
      "content": "🍚 ข้าวสวย  👉  3 ทัพพี \r\n🐷 เนื้อหมู  👉  6 ช้อนโต๊ะ\r\n🥒 ผักสด 👉  1 ทัพพี\r\n\r\n🗒 หมายเหตุ: ถ้าเลือกหมูสับไม่มัน จะทำให้ได้ไขมันที่น้อยลงค่ะ"
    }, 
    {
      "id": "104",
      "food": "〰〰 🍚 ข้าว + ลาบหมู 〰〰",
      "cal": "2000",
      "content": "🍚 ข้าวสวย  👉  3 ทัพพี \r\n🐷 เนื้อหมู  👉  6 ช้อนโต๊ะ\r\n🥒 ผักสด 👉  1 ทัพพี\r\n\r\n🗒 หมายเหตุ: ถ้าเลือกหมูสับไม่มัน จะทำให้ได้ไขมันที่น้อยลงค่ะ"
    }, 
    {
      "id": "105",
      "food": "〰〰 🍚 ข้าว + ลาบหมู 〰〰",
      "cal": "2100",
      "content": "🍚 ข้าวสวย  👉  3 ทัพพี \r\n🐷 เนื้อหมู  👉  6 ช้อนโต๊ะ\r\n🥒 ผักสด 👉  1 ทัพพี\r\n\r\n🗒 หมายเหตุ: ถ้าเลือกหมูสับไม่มัน จะทำให้ได้ไขมันที่น้อยลงค่ะ"
    }, 
    {
      "id": "106",
      "food": "〰〰 🍚 ข้าว + ลาบหมู 〰〰",
      "cal": "2200",
      "content": "🍚 ข้าวสวย  👉  3 ทัพพี \r\n🐷 เนื้อหมู  👉  6 ช้อนโต๊ะ\r\n🥒 ผักสด 👉  1 ทัพพี\r\n\r\n🗒 หมายเหตุ: ถ้าเลือกหมูสับไม่มัน จะทำให้ได้ไขมันที่น้อยลงค่ะ"
    }, 
    {
      "id": "107",
      "food": "〰〰 🍚 ข้าว + ลาบหมู 〰〰",
      "cal": "2300",
      "content": "🍚 ข้าวสวย  👉  4 ทัพพี \r\n🐷 เนื้อหมู  👉  6 ช้อนโต๊ะ\r\n🥒 ผักสด 👉  1 ทัพพี\r\n\r\n🗒 หมายเหตุ: ถ้าเลือกหมูสับไม่มัน จะทำให้ได้ไขมันที่น้อยลงค่ะ"
    }, 
    {
      "id": "108",
      "food": "〰〰 🍚 ข้าว + ลาบหมู 〰〰",
      "cal": "2400",
      "content": "🍚 ข้าวสวย  👉  4 ทัพพี \r\n🐷 เนื้อหมู  👉  6 ช้อนโต๊ะ\r\n🥒 ผักสด 👉  1 ทัพพี\r\n\r\n🗒 หมายเหตุ: ถ้าเลือกหมูสับไม่มัน จะทำให้ได้ไขมันที่น้อยลงค่ะ"
    }, 
    {
      "id": "109",
      "food": "〰〰 🍚 ข้าว + ลาบหมู 〰〰",
      "cal": "2500",
      "content": "🍚 ข้าวสวย  👉  4 ทัพพี \r\n🐷 เนื้อหมู  👉  6 ช้อนโต๊ะ\r\n🥒 ผักสด 👉  1 ทัพพี\r\n\r\n🗒 หมายเหตุ: ถ้าเลือกหมูสับไม่มัน จะทำให้ได้ไขมันที่น้อยลงค่ะ"
    }, 
    {
      "id": "110",
      "food": "〰〰 🍚 ข้าว + ลาบหมู 〰〰",
      "cal": "2600",
      "content": "🍚 ข้าวสวย  👉  4 ทัพพี \r\n🐷 เนื้อหมู  👉  8 ช้อนโต๊ะ\r\n🥒 ผักสด 👉  1 ทัพพี\r\n\r\n🗒 หมายเหตุ: ถ้าเลือกหมูสับไม่มัน จะทำให้ได้ไขมันที่น้อยลงค่ะ"
    },  
    {
      "id": "111",
      "food": "〰〰 ราดหน้าเส้นใหญ่หมูหมัก 〰〰",
      "cal": "1600",
      "content": "เส้นใหญ่  👉  3 ทัพพี\r\n🐷 หมูหมัก 👉  6 ช้อนโต๊ะ\r\nคะน้า  👉  1 ทัพพี\r\n\r\n🗒 หมายเหตุ: ปกติแล้วเมนูนี้ เส้นจะเยอะ ผักจะน้อย ถ้าลดปริมาณเส้น เพิ่มปริมาณผัก ก็จะทำให้มีคุณค่าทางโภชนาการเพิ่มขึ้นค่ะ"
    },  
    {
      "id": "112",
      "food": "〰〰 ราดหน้าเส้นใหญ่หมูหมัก 〰〰",
      "cal": "1700",
      "content": "เส้นใหญ่  👉  3 ทัพพี\r\n🐷 หมูหมัก 👉  6 ช้อนโต๊ะ\r\nคะน้า  👉  1 ทัพพี\r\n\r\n🗒 หมายเหตุ: ปกติแล้วเมนูนี้ เส้นจะเยอะ ผักจะน้อย ถ้าลดปริมาณเส้น เพิ่มปริมาณผัก ก็จะทำให้มีคุณค่าทางโภชนาการเพิ่มขึ้นค่ะ"
    },  
    {
      "id": "113",
      "food": "〰〰 ราดหน้าเส้นใหญ่หมูหมัก 〰〰",
      "cal": "1800",
      "content": "เส้นใหญ่  👉  3 ทัพพี\r\n🐷 หมูหมัก 👉  6 ช้อนโต๊ะ\r\nคะน้า  👉  1 ทัพพี\r\n\r\n🗒 หมายเหตุ: ปกติแล้วเมนูนี้ เส้นจะเยอะ ผักจะน้อย ถ้าลดปริมาณเส้น เพิ่มปริมาณผัก ก็จะทำให้มีคุณค่าทางโภชนาการเพิ่มขึ้นค่ะ"
    },  
    {
      "id": "114",
      "food": "〰〰 ราดหน้าเส้นใหญ่หมูหมัก 〰〰",
      "cal": "1900",
      "content": "เส้นใหญ่  👉  3 ทัพพี\r\n🐷 หมูหมัก 👉  6 ช้อนโต๊ะ\r\nคะน้า  👉  1 ทัพพี\r\n\r\n🗒 หมายเหตุ: ปกติแล้วเมนูนี้ เส้นจะเยอะ ผักจะน้อย ถ้าลดปริมาณเส้น เพิ่มปริมาณผัก ก็จะทำให้มีคุณค่าทางโภชนาการเพิ่มขึ้นค่ะ"
    },  
    {
      "id": "115",
      "food": "〰〰 ราดหน้าเส้นใหญ่หมูหมัก 〰〰",
      "cal": "2000",
      "content": "เส้นใหญ่  👉  3 ทัพพี\r\n🐷 หมูหมัก 👉  6 ช้อนโต๊ะ\r\nคะน้า  👉  1 ทัพพี\r\n\r\n🗒 หมายเหตุ: ปกติแล้วเมนูนี้ เส้นจะเยอะ ผักจะน้อย ถ้าลดปริมาณเส้น เพิ่มปริมาณผัก ก็จะทำให้มีคุณค่าทางโภชนาการเพิ่มขึ้นค่ะ"
    },  
    {
      "id": "116",
      "food": "〰〰 ราดหน้าเส้นใหญ่หมูหมัก 〰〰",
      "cal": "2100",
      "content": "เส้นใหญ่  👉  4 ทัพพี\r\n🐷 หมูหมัก 👉  6 ช้อนโต๊ะ\r\nคะน้า  👉  1 ทัพพี\r\n\r\n🗒 หมายเหตุ: ปกติแล้วเมนูนี้ เส้นจะเยอะ ผักจะน้อย ถ้าลดปริมาณเส้น เพิ่มปริมาณผัก ก็จะทำให้มีคุณค่าทางโภชนาการเพิ่มขึ้นค่ะ"
    },  
    {
      "id": "117",
      "food": "〰〰 ราดหน้าเส้นใหญ่หมูหมัก 〰〰",
      "cal": "2200",
      "content": "เส้นใหญ่  👉  3 ทัพพี\r\n🐷 หมูหมัก 👉  6 ช้อนโต๊ะ\r\nคะน้า  👉  1 ทัพพี\r\n\r\n🗒 หมายเหตุ: ปกติแล้วเมนูนี้ เส้นจะเยอะ ผักจะน้อย ถ้าลดปริมาณเส้น เพิ่มปริมาณผัก ก็จะทำให้มีคุณค่าทางโภชนาการเพิ่มขึ้นค่ะ"
    },  
    {
      "id": "118",
      "food": "〰〰 ราดหน้าเส้นใหญ่หมูหมัก 〰〰",
      "cal": "2300",
      "content": "เส้นใหญ่  👉  4 ทัพพี\r\n🐷 หมูหมัก 👉  6 ช้อนโต๊ะ\r\nคะน้า  👉  1 ทัพพี\r\n\r\n🗒 หมายเหตุ: ปกติแล้วเมนูนี้ เส้นจะเยอะ ผักจะน้อย ถ้าลดปริมาณเส้น เพิ่มปริมาณผัก ก็จะทำให้มีคุณค่าทางโภชนาการเพิ่มขึ้นค่ะ"
    },  
    {
      "id": "119",
      "food": "〰〰 ราดหน้าเส้นใหญ่หมูหมัก 〰〰",
      "cal": "2400",
      "content": "เส้นใหญ่  👉  4 ทัพพี\r\n🐷 หมูหมัก 👉  6 ช้อนโต๊ะ\r\nคะน้า  👉  1 ทัพพี\r\n\r\n🗒 หมายเหตุ: ปกติแล้วเมนูนี้ เส้นจะเยอะ ผักจะน้อย ถ้าลดปริมาณเส้น เพิ่มปริมาณผัก ก็จะทำให้มีคุณค่าทางโภชนาการเพิ่มขึ้นค่ะ"
    },  
    {
      "id": "120",
      "food": "〰〰 ราดหน้าเส้นใหญ่หมูหมัก 〰〰",
      "cal": "2500",
      "content": "เส้นใหญ่  👉  4 ทัพพี\r\n🐷 หมูหมัก 👉  6 ช้อนโต๊ะ\r\nคะน้า  👉  1 ทัพพี\r\n\r\n🗒 หมายเหตุ: ปกติแล้วเมนูนี้ เส้นจะเยอะ ผักจะน้อย ถ้าลดปริมาณเส้น เพิ่มปริมาณผัก ก็จะทำให้มีคุณค่าทางโภชนาการเพิ่มขึ้นค่ะ"
    },  
    {
      "id": "121",
      "food": "〰〰 ราดหน้าเส้นใหญ่หมูหมัก 〰〰",
      "cal": "2600",
      "content": "เส้นใหญ่  👉  4 ทัพพี\r\n🐷 หมูหมัก 👉  8 ช้อนโต๊ะ\r\nคะน้า  👉  1 ทัพพี\r\n\r\n🗒 หมายเหตุ: ปกติแล้วเมนูนี้ เส้นจะเยอะ ผักจะน้อย ถ้าลดปริมาณเส้น เพิ่มปริมาณผัก ก็จะทำให้มีคุณค่าทางโภชนาการเพิ่มขึ้นค่ะ"
    },  
    {
      "id": "122",
      "food": "〰〰 ก๋วยเตี๋ยวลุยสวน 〰〰",
      "cal": "1600",
      "content": "เส้นก๋วยเตี๋ยว  👉  3 ทัพพี\r\nเนื้อสัตว์  👉  6 ช้อนโต๊ะ\r\n🥒 ผัก  👉  1 ทัพพี\r\n\r\n🗒 หมายเหตุ: เมนูนี้มีไขมันน้อย ไว้ชดเชยกับมื้ออื่น ๆ ที่มีไขมันเยอะได้ค่ะ"
    },
    {
      "id": "123",
      "food": "〰〰 ก๋วยเตี๋ยวลุยสวน 〰〰",
      "cal": "1700",
      "content": "เส้นก๋วยเตี๋ยว  👉  3 ทัพพี\r\nเนื้อสัตว์  👉  6 ช้อนโต๊ะ\r\n🥒 ผัก  👉  1 ทัพพี\r\n\r\n🗒 หมายเหตุ: เมนูนี้มีไขมันน้อย ไว้ชดเชยกับมื้ออื่น ๆ ที่มีไขมันเยอะได้ค่ะ"
    },
    {
      "id": "124",
      "food": "〰〰 ก๋วยเตี๋ยวลุยสวน 〰〰",
      "cal": "1800",
      "content": "เส้นก๋วยเตี๋ยว  👉  3 ทัพพี\r\nเนื้อสัตว์  👉  6 ช้อนโต๊ะ\r\n🥒 ผัก  👉  1 ทัพพี\r\n\r\n🗒 หมายเหตุ: เมนูนี้มีไขมันน้อย ไว้ชดเชยกับมื้ออื่น ๆ ที่มีไขมันเยอะได้ค่ะ"
    },
    {
      "id": "125",
      "food": "〰〰 ก๋วยเตี๋ยวลุยสวน 〰〰",
      "cal": "1900",
      "content": "เส้นก๋วยเตี๋ยว  👉  3 ทัพพี\r\nเนื้อสัตว์  👉  6 ช้อนโต๊ะ\r\n🥒 ผัก  👉  1 ทัพพี\r\n\r\n🗒 หมายเหตุ: เมนูนี้มีไขมันน้อย ไว้ชดเชยกับมื้ออื่น ๆ ที่มีไขมันเยอะได้ค่ะ"
    },
    {
      "id": "126",
      "food": "〰〰 ก๋วยเตี๋ยวลุยสวน 〰〰",
      "cal": "2000",
      "content": "เส้นก๋วยเตี๋ยว  👉  3 ทัพพี\r\nเนื้อสัตว์  👉  6 ช้อนโต๊ะ\r\n🥒 ผัก  👉  1 ทัพพี\r\n\r\n🗒 หมายเหตุ: เมนูนี้มีไขมันน้อย ไว้ชดเชยกับมื้ออื่น ๆ ที่มีไขมันเยอะได้ค่ะ"
    },
    {
      "id": "127",
      "food": "〰〰 ก๋วยเตี๋ยวลุยสวน 〰〰",
      "cal": "2100",
      "content": "เส้นก๋วยเตี๋ยว  👉  3 ทัพพี\r\nเนื้อสัตว์  👉  6 ช้อนโต๊ะ\r\n🥒 ผัก  👉  1 ทัพพี\r\n\r\n🗒 หมายเหตุ: เมนูนี้มีไขมันน้อย ไว้ชดเชยกับมื้ออื่น ๆ ที่มีไขมันเยอะได้ค่ะ"
    },
    {
      "id": "128",
      "food": "〰〰 ก๋วยเตี๋ยวลุยสวน 〰〰",
      "cal": "2200",
      "content": "เส้นก๋วยเตี๋ยว  👉  3 ทัพพี\r\nเนื้อสัตว์  👉  6 ช้อนโต๊ะ\r\n🥒 ผัก  👉  1 ทัพพี\r\n\r\n🗒 หมายเหตุ: เมนูนี้มีไขมันน้อย ไว้ชดเชยกับมื้ออื่น ๆ ที่มีไขมันเยอะได้ค่ะ"
    },
    {
      "id": "129",
      "food": "〰〰 ก๋วยเตี๋ยวลุยสวน 〰〰",
      "cal": "2300",
      "content": "เส้นก๋วยเตี๋ยว  👉  4 ทัพพี\r\nเนื้อสัตว์  👉  6 ช้อนโต๊ะ\r\n🥒 ผัก  👉  1 ทัพพี\r\n\r\n🗒 หมายเหตุ: เมนูนี้มีไขมันน้อย ไว้ชดเชยกับมื้ออื่น ๆ ที่มีไขมันเยอะได้ค่ะ"
    },
    {
      "id": "130",
      "food": "〰〰 ก๋วยเตี๋ยวลุยสวน 〰〰",
      "cal": "2400",
      "content": "เส้นก๋วยเตี๋ยว  👉  4 ทัพพี\r\nเนื้อสัตว์  👉  6 ช้อนโต๊ะ\r\n🥒 ผัก  👉  1 ทัพพี\r\n\r\n🗒 หมายเหตุ: เมนูนี้มีไขมันน้อย ไว้ชดเชยกับมื้ออื่น ๆ ที่มีไขมันเยอะได้ค่ะ"
    },
    {
      "id": "131",
      "food": "〰〰 ก๋วยเตี๋ยวลุยสวน 〰〰",
      "cal": "2500",
      "content": "เส้นก๋วยเตี๋ยว  👉  4 ทัพพี\r\nเนื้อสัตว์  👉  6 ช้อนโต๊ะ\r\n🥒 ผัก  👉  1 ทัพพี\r\n\r\n🗒 หมายเหตุ: เมนูนี้มีไขมันน้อย ไว้ชดเชยกับมื้ออื่น ๆ ที่มีไขมันเยอะได้ค่ะ"
    },
    {
      "id": "132",
      "food": "〰〰 ก๋วยเตี๋ยวลุยสวน 〰〰",
      "cal": "2600",
      "content": "เส้นก๋วยเตี๋ยว  👉  4 ทัพพี\r\nเนื้อสัตว์  👉  8 ช้อนโต๊ะ\r\n🥒 ผัก  👉  1 ทัพพี\r\n\r\n🗒 หมายเหตุ: เมนูนี้มีไขมันน้อย ไว้ชดเชยกับมื้ออื่น ๆ ที่มีไขมันเยอะได้ค่ะ"
    },
    {
      "id": "133",
      "food": "〰〰 ข้าวผัดกุ้ง ไข่ดาว 〰〰",
      "cal": "1600",
      "content": "🍚 ข้าวสวย  👉  3 ทัพพี\r\n🦐 กุ้ง 👉  6 ช้อนโต๊ะ\r\n🍳 ไข่ดาว  👉  1 ฟอง\r\n🥒 ผัก  👉  1 ทัพพี\r\n\r\nน้ำมัน 2 ช้อนชา\r\n\r\n🗒 หมายเหตุ: ตัวอย่างผัก เช่น คะน้า แครอท ถั่วลันเตา ต้นหอม หอมหัวใหญ่ ฯลฯ อย่าลืมเลือกให้หลากหลายนะคะ"
    },  
    {
      "id": "134",
      "food": "〰〰 ข้าวผัดกุ้ง ไข่ดาว 〰〰",
      "cal": "1700",
      "content": "🍚 ข้าวสวย  👉  3 ทัพพี\r\n🦐 กุ้ง 👉  6 ช้อนโต๊ะ\r\n🍳 ไข่ดาว  👉  1 ฟอง\r\n🥒 ผัก  👉  1 ทัพพี\r\n\r\nน้ำมัน 2 ช้อนชา\r\n\r\n🗒 หมายเหตุ: ตัวอย่างผัก เช่น คะน้า แครอท ถั่วลันเตา ต้นหอม หอมหัวใหญ่ ฯลฯ อย่าลืมเลือกให้หลากหลายนะคะ"
    },  
    {
      "id": "135",
      "food": "〰〰 ข้าวผัดกุ้ง ไข่ดาว 〰〰",
      "cal": "1800",
      "content": "🍚 ข้าวสวย  👉  3 ทัพพี\r\n🦐 กุ้ง 👉  6 ช้อนโต๊ะ\r\n🍳 ไข่ดาว  👉  1 ฟอง\r\n🥒 ผัก  👉  1 ทัพพี\r\n\r\nน้ำมัน 2 ช้อนชา\r\n\r\n🗒 หมายเหตุ: ตัวอย่างผัก เช่น คะน้า แครอท ถั่วลันเตา ต้นหอม หอมหัวใหญ่ ฯลฯ อย่าลืมเลือกให้หลากหลายนะคะ"
    },  
    {
      "id": "136",
      "food": "〰〰 ข้าวผัดกุ้ง ไข่ดาว 〰〰",
      "cal": "1900",
      "content": "🍚 ข้าวสวย  👉  3 ทัพพี\r\n🦐 กุ้ง 👉  6 ช้อนโต๊ะ\r\n🍳 ไข่ดาว  👉  1 ฟอง\r\n🥒 ผัก  👉  1 ทัพพี\r\n\r\nน้ำมัน 2 ช้อนชา\r\n\r\n🗒 หมายเหตุ: ตัวอย่างผัก เช่น คะน้า แครอท ถั่วลันเตา ต้นหอม หอมหัวใหญ่ ฯลฯ อย่าลืมเลือกให้หลากหลายนะคะ"
    },  
    {
      "id": "137",
      "food": "〰〰 ข้าวผัดกุ้ง ไข่ดาว 〰〰",
      "cal": "2000",
      "content": "🍚 ข้าวสวย  👉  3 ทัพพี\r\n🦐 กุ้ง 👉  6 ช้อนโต๊ะ\r\n🍳 ไข่ดาว  👉  1 ฟอง\r\n🥒 ผัก  👉  1 ทัพพี\r\n\r\nน้ำมัน 3 ช้อนชา\r\n\r\n🗒 หมายเหตุ: ตัวอย่างผัก เช่น คะน้า แครอท ถั่วลันเตา ต้นหอม หอมหัวใหญ่ ฯลฯ อย่าลืมเลือกให้หลากหลายนะคะ"
    },  
    {
      "id": "138",
      "food": "〰〰 ข้าวผัดกุ้ง ไข่ดาว 〰〰",
      "cal": "2100",
      "content": "🍚 ข้าวสวย  👉  3 ทัพพี\r\n🦐 กุ้ง 👉  6 ช้อนโต๊ะ\r\n🍳 ไข่ดาว  👉  1 ฟอง\r\n🥒 ผัก  👉  1 ทัพพี\r\n\r\nน้ำมัน 3 ช้อนชา\r\n\r\n🗒 หมายเหตุ: ตัวอย่างผัก เช่น คะน้า แครอท ถั่วลันเตา ต้นหอม หอมหัวใหญ่ ฯลฯ อย่าลืมเลือกให้หลากหลายนะคะ"
    },  
    {
      "id": "139",
      "food": "〰〰 ข้าวผัดกุ้ง ไข่ดาว 〰〰",
      "cal": "2200",
            "content": "🍚 ข้าวสวย  👉  3 ทัพพี\r\n🦐 กุ้ง 👉  6 ช้อนโต๊ะ\r\n🍳 ไข่ดาว  👉  1 ฟอง\r\n🥒 ผัก  👉  1 ทัพพี\r\n\r\nน้ำมัน 3 ช้อนชา\r\n\r\n🗒 หมายเหตุ: ตัวอย่างผัก เช่น คะน้า แครอท ถั่วลันเตา ต้นหอม หอมหัวใหญ่ ฯลฯ อย่าลืมเลือกให้หลากหลายนะคะ"
    },  
    {
      "id": "140",
      "food": "〰〰 ข้าวผัดกุ้ง ไข่ดาว 〰〰",
      "cal": "2300",
      "content": "🍚 ข้าวสวย  👉  4 ทัพพี\r\n🦐 กุ้ง 👉  6 ช้อนโต๊ะ\r\n🍳 ไข่ดาว  👉  1 ฟอง\r\n🥒 ผัก  👉  1 ทัพพี\r\n\r\nน้ำมัน 3 ช้อนชา\r\n\r\n🗒 หมายเหตุ: ตัวอย่างผัก เช่น คะน้า แครอท ถั่วลันเตา ต้นหอม หอมหัวใหญ่ ฯลฯ อย่าลืมเลือกให้หลากหลายนะคะ"
    },  
    {
      "id": "141",
      "food": "〰〰 ข้าวผัดกุ้ง ไข่ดาว 〰〰",
      "cal": "2400",
      "content": "🍚 ข้าวสวย  👉  4 ทัพพี\r\n🦐 กุ้ง 👉  6 ช้อนโต๊ะ\r\n🍳 ไข่ดาว  👉  1 ฟอง\r\n🥒 ผัก  👉  1 ทัพพี\r\n\r\nน้ำมัน 3 ช้อนชา\r\n\r\n🗒 หมายเหตุ: ตัวอย่างผัก เช่น คะน้า แครอท ถั่วลันเตา ต้นหอม หอมหัวใหญ่ ฯลฯ อย่าลืมเลือกให้หลากหลายนะคะ"
    },  
    {
      "id": "142",
      "food": "〰〰 ข้าวผัดกุ้ง ไข่ดาว 〰〰",
      "cal": "2500",
      "content": "🍚 ข้าวสวย  👉  4 ทัพพี\r\n🦐 กุ้ง 👉  6 ช้อนโต๊ะ\r\n🍳 ไข่ดาว  👉  1 ฟอง\r\n🥒 ผัก  👉  1 ทัพพี\r\n\r\nน้ำมัน 3 ช้อนชา\r\n\r\n🗒 หมายเหตุ: ตัวอย่างผัก เช่น คะน้า แครอท ถั่วลันเตา ต้นหอม หอมหัวใหญ่ ฯลฯ อย่าลืมเลือกให้หลากหลายนะคะ"
    },  
    {
      "id": "143",
      "food": "〰〰 ข้าวผัดกุ้ง ไข่ดาว 〰〰",
      "cal": "2600",
      "content": "🍚 ข้าวสวย  👉  4 ทัพพี\r\n🦐 กุ้ง 👉  6 ช้อนโต๊ะ\r\n🍳 ไข่ดาว  👉  1 ฟอง\r\n🥒 ผัก  👉  1 ทัพพี\r\n\r\nน้ำมัน 3 ช้อนชา\r\n\r\n🗒 หมายเหตุ: ตัวอย่างผัก เช่น คะน้า แครอท ถั่วลันเตา ต้นหอม หอมหัวใหญ่ ฯลฯ อย่าลืมเลือกให้หลากหลายนะคะ"
    },  
    {
      "id": "144",
      "food": "〰〰 สลัดผักไก่ฉีก 〰〰",
      "cal": "1600",
      "content": "🐔 ไก่ฉีก  👉  6 ช้อนโต๊ะ\r\n🥒 ผัก  👉  1 ทัพพี\r\nน้ำสลัด  👉  2 ช้อนโต๊ะ\r\n🍞 ขนมปังกรอบ  👉  1 ทัพพี\r\n\r\n🗒 หมายเหตุ: ปกติแล้วเมนูนี้ปริมาณแป้งจะไม่ถึงที่กำหนด เอาไว้ชดเชยกับมื้ออื่น ๆ ที่มีปริมาณแป้งมากได้ค่ะ"
    },
    {
      "id": "145",
      "food": "〰〰 สลัดผักไก่ฉีก 〰〰",
      "cal": "1700",
      "content": "🐔 ไก่ฉีก  👉  6 ช้อนโต๊ะ\r\n🥒 ผัก  👉  1 ทัพพี\r\nน้ำสลัด  👉  2 ช้อนโต๊ะ\r\n🍞 ขนมปังกรอบ  👉  1 ทัพพี\r\n\r\n🗒 หมายเหตุ: ปกติแล้วเมนูนี้ปริมาณแป้งจะไม่ถึงที่กำหนด เอาไว้ชดเชยกับมื้ออื่น ๆ ที่มีปริมาณแป้งมากได้ค่ะ"
    },
    {
      "id": "146",
      "food": "〰〰 สลัดผักไก่ฉีก 〰〰",
      "cal": "1800",
      "content": "🐔 ไก่ฉีก  👉  6 ช้อนโต๊ะ\r\n🥒 ผัก  👉  1 ทัพพี\r\nน้ำสลัด  👉  2 ช้อนโต๊ะ\r\n🍞 ขนมปังกรอบ  👉  1 ทัพพี\r\n\r\n🗒 หมายเหตุ: ปกติแล้วเมนูนี้ปริมาณแป้งจะไม่ถึงที่กำหนด เอาไว้ชดเชยกับมื้ออื่น ๆ ที่มีปริมาณแป้งมากได้ค่ะ"
    },
    {
      "id": "147",
      "food": "〰〰 สลัดผักไก่ฉีก 〰〰",
      "cal": "1900",
      "content": "🐔 ไก่ฉีก  👉  6 ช้อนโต๊ะ\r\n🥒 ผัก  👉  1 ทัพพี\r\nน้ำสลัด  👉  3 ช้อนโต๊ะ\r\n🍞 ขนมปังกรอบ  👉  1 ทัพพี\r\n\r\n🗒 หมายเหตุ: ปกติแล้วเมนูนี้ปริมาณแป้งจะไม่ถึงที่กำหนด เอาไว้ชดเชยกับมื้ออื่น ๆ ที่มีปริมาณแป้งมากได้ค่ะ"
    },
    {
      "id": "148",
      "food": "〰〰 สลัดผักไก่ฉีก 〰〰",
      "cal": "2000",
      "content": "🐔 ไก่ฉีก  👉  6 ช้อนโต๊ะ\r\n🥒 ผัก  👉  1 ทัพพี\r\nน้ำสลัด  👉  3 ช้อนโต๊ะ\r\n🍞 ขนมปังกรอบ  👉  1 ทัพพี\r\n\r\n🗒 หมายเหตุ: ปกติแล้วเมนูนี้ปริมาณแป้งจะไม่ถึงที่กำหนด เอาไว้ชดเชยกับมื้ออื่น ๆ ที่มีปริมาณแป้งมากได้ค่ะ"
    },
    {
      "id": "149",
      "food": "〰〰 สลัดผักไก่ฉีก 〰〰",
      "cal": "2100",
      "content": "🐔 ไก่ฉีก  👉  6 ช้อนโต๊ะ\r\n🥒 ผัก  👉  1 ทัพพี\r\nน้ำสลัด  👉  3 ช้อนโต๊ะ\r\n🍞 ขนมปังกรอบ  👉  1 ทัพพี\r\n\r\n🗒 หมายเหตุ: ปกติแล้วเมนูนี้ปริมาณแป้งจะไม่ถึงที่กำหนด เอาไว้ชดเชยกับมื้ออื่น ๆ ที่มีปริมาณแป้งมากได้ค่ะ"
    },
    {
      "id": "150",
      "food": "〰〰 สลัดผักไก่ฉีก 〰〰",
      "cal": "2200",
      "content": "🐔 ไก่ฉีก  👉  6 ช้อนโต๊ะ\r\n🥒 ผัก  👉  1 ทัพพี\r\nน้ำสลัด  👉  3 ช้อนโต๊ะ\r\n🍞 ขนมปังกรอบ  👉  1 ทัพพี\r\n\r\n🗒 หมายเหตุ: ปกติแล้วเมนูนี้ปริมาณแป้งจะไม่ถึงที่กำหนด เอาไว้ชดเชยกับมื้ออื่น ๆ ที่มีปริมาณแป้งมากได้ค่ะ"
    },
    {
      "id": "151",
      "food": "〰〰 สลัดผักไก่ฉีก 〰〰",
      "cal": "2300",
      "content": "🐔 ไก่ฉีก  👉  6 ช้อนโต๊ะ\r\n🥒 ผัก  👉  1 ทัพพี\r\nน้ำสลัด  👉  3 ช้อนโต๊ะ\r\n🍞 ขนมปังกรอบ  👉  1 ทัพพี\r\n\r\n🗒 หมายเหตุ: ปกติแล้วเมนูนี้ปริมาณแป้งจะไม่ถึงที่กำหนด เอาไว้ชดเชยกับมื้ออื่น ๆ ที่มีปริมาณแป้งมากได้ค่ะ"
    },
    {
      "id": "152",
      "food": "〰〰 สลัดผักไก่ฉีก 〰〰",
      "cal": "2400",
      "content": "🐔 ไก่ฉีก  👉  6 ช้อนโต๊ะ\r\n🥒 ผัก  👉  1 ทัพพี\r\nน้ำสลัด  👉  3 ช้อนโต๊ะ\r\n🍞 ขนมปังกรอบ  👉  1 ทัพพี\r\n\r\n🗒 หมายเหตุ: ปกติแล้วเมนูนี้ปริมาณแป้งจะไม่ถึงที่กำหนด เอาไว้ชดเชยกับมื้ออื่น ๆ ที่มีปริมาณแป้งมากได้ค่ะ"
    },
    {
      "id": "153",
      "food": "〰〰 สลัดผักไก่ฉีก 〰〰",
      "cal": "2500",
      "content": "🐔 ไก่ฉีก  👉  6 ช้อนโต๊ะ\r\n🥒 ผัก  👉  1 ทัพพี\r\nน้ำสลัด  👉  3 ช้อนโต๊ะ\r\n🍞 ขนมปังกรอบ  👉  1 ทัพพี\r\n\r\n🗒 หมายเหตุ: ปกติแล้วเมนูนี้ปริมาณแป้งจะไม่ถึงที่กำหนด เอาไว้ชดเชยกับมื้ออื่น ๆ ที่มีปริมาณแป้งมากได้ค่ะ"
    },
    {
      "id": "154",
      "food": "〰〰 สลัดผักไก่ฉีก 〰〰",
      "cal": "2600",
      "content": "🐔 ไก่ฉีก  👉  8 ช้อนโต๊ะ\r\n🥒 ผัก  👉  1 ทัพพี\r\nน้ำสลัด  👉  4 ช้อนโต๊ะ\r\n🍞 ขนมปังกรอบ  👉  1 ทัพพี\r\n\r\n🗒 หมายเหตุ: ปกติแล้วเมนูนี้ปริมาณแป้งจะไม่ถึงที่กำหนด เอาไว้ชดเชยกับมื้ออื่น ๆ ที่มีปริมาณแป้งมากได้ค่ะ"
    }     
  ]
}
