{
  "data":[
    {
      "id": "1",
      "food": "〰〰 🍚 ข้าว + กะเพราไก่ 🐔 〰〰",
      "cal": "1600",
      "content": "🍚 ข้าวสวย  👉  2 ทัพพี \r\n🐔 ไก่  👉  4 ช้อนโต๊ะ หรือ\r\n🥕 ผัก  👉  1 ทัพพี\r\nน้ำมัน  👉  2 ช้อนชา\r\n\r\n🗒 หมายเหตุ: ตัวอย่างผัก เช่น กะเพรา ถั่วฝักยาว แครอท ข้าวโพดอ่อน รวม ๆ กัน ถ้าไม่มีผักในมื้อนี้ อย่าลืมชดเชยผักมื้ออื่น ๆ นะคะ ถ้าเพิ่มไข่ดาวก็อย่าลืมเลือกอาหารไขมันน้อย ๆ ในมื้ออื่นนะคะ"
    },
    { 
      "id": "2",
      "food": "〰〰 🍚 ข้าว + กะเพราไก่ 🐔 〰〰",
      "cal": "1700",
      "content": "🍚 ข้าวสวย  👉  2 ทัพพี \r\n🐔 ไก่  👉  6 ช้อนโต๊ะ หรือ\r\n🥕 ผัก  👉  1 ทัพพี\r\nน้ำมัน  👉  2 ช้อนชา\r\n\r\n🗒 หมายเหตุ: ตัวอย่างผัก เช่น กะเพรา ถั่วฝักยาว แครอท ข้าวโพดอ่อน รวม ๆ กัน ถ้าไม่มีผักในมื้อนี้ อย่าลืมชดเชยผักมื้ออื่น ๆ นะคะ ถ้าเพิ่มไข่ดาวก็อย่าลืมเลือกอาหารไขมันน้อย ๆ ในมื้ออื่นนะคะ"
    },
    { 
      "id": "3",
      "food": "〰〰 🍚 ข้าว + กะเพราไก่ 🐔 〰〰",
      "cal": "1800",
      "content": "🍚 ข้าวสวย  👉  3 ทัพพี \r\n🐔 ไก่  👉  6 ช้อนโต๊ะ หรือ\r\n🥕 ผัก  👉  1 ทัพพี\r\nน้ำมัน  👉  2 ช้อนชา\r\n\r\n🗒 หมายเหตุ: ตัวอย่างผัก เช่น กะเพรา ถั่วฝักยาว แครอท ข้าวโพดอ่อน รวม ๆ กัน ถ้าไม่มีผักในมื้อนี้ อย่าลืมชดเชยผักมื้ออื่น ๆ นะคะ ถ้าเพิ่มไข่ดาวก็อย่าลืมเลือกอาหารไขมันน้อย ๆ ในมื้ออื่นนะคะ"
    },
    { 
      "id": "4",
      "food": "〰〰 🍚 ข้าว + กะเพราไก่ 🐔 〰〰",
      "cal": "1900",
      "content": "🍚 ข้าวสวย  👉  3 ทัพพี \r\n🐔 ไก่  👉  6 ช้อนโต๊ะ หรือ\r\n🥕 ผัก  👉  1 ทัพพี\r\nน้ำมัน  👉  3 ช้อนชา\r\n\r\n🗒 หมายเหตุ: ตัวอย่างผัก เช่น กะเพรา ถั่วฝักยาว แครอท ข้าวโพดอ่อน รวม ๆ กัน ถ้าไม่มีผักในมื้อนี้ อย่าลืมชดเชยผักมื้ออื่น ๆ นะคะ ถ้าเพิ่มไข่ดาวก็อย่าลืมเลือกอาหารไขมันน้อย ๆ ในมื้ออื่นนะคะ"
    },
    {
      "id": "5",
      "food": "〰〰 🍚 ข้าว + กะเพราไก่ 🐔 〰〰",
      "cal": "2000",
      "content": "🍚 ข้าวสวย  👉  3 ทัพพี \r\n🐔 ไก่  👉  6 ช้อนโต๊ะ หรือ\r\n🥕 ผัก  👉  1 ทัพพี\r\nน้ำมัน  👉  3 ช้อนชา\r\n\r\n🗒 หมายเหตุ: ตัวอย่างผัก เช่น กะเพรา ถั่วฝักยาว แครอท ข้าวโพดอ่อน รวม ๆ กัน ถ้าไม่มีผักในมื้อนี้ อย่าลืมชดเชยผักมื้ออื่น ๆ นะคะ ถ้าเพิ่มไข่ดาวก็อย่าลืมเลือกอาหารไขมันน้อย ๆ ในมื้ออื่นนะคะ"
    },
    { 
      "id": "6",
      "food": "〰〰 🍚 ข้าว + กะเพราไก่ 🐔 〰〰",
      "cal": "2100",
      "content": "🍚 ข้าวสวย  👉  3 ทัพพี \r\n🐔 ไก่  👉  6 ช้อนโต๊ะ หรือ\r\n🥕 ผัก  👉  1 ทัพพี\r\nน้ำมัน  👉  3 ช้อนชา\r\n\r\n🗒 หมายเหตุ: ตัวอย่างผัก เช่น กะเพรา ถั่วฝักยาว แครอท ข้าวโพดอ่อน รวม ๆ กัน ถ้าไม่มีผักในมื้อนี้ อย่าลืมชดเชยผักมื้ออื่น ๆ นะคะ ถ้าเพิ่มไข่ดาวก็อย่าลืมเลือกอาหารไขมันน้อย ๆ ในมื้ออื่นนะคะ"
    },
    {
      "id": "7",
      "food": "〰〰 🍚 ข้าว + กะเพราไก่ 🐔 〰〰",
      "cal": "2200",
      "content": "🍚 ข้าวสวย  👉  3 ทัพพี \r\n🐔 ไก่  👉  6 ช้อนโต๊ะ หรือ\r\n🥕 ผัก  👉  1 ทัพพี\r\nน้ำมัน  👉  3 ช้อนชา\r\n\r\n🗒 หมายเหตุ: ตัวอย่างผัก เช่น กะเพรา ถั่วฝักยาว แครอท ข้าวโพดอ่อน รวม ๆ กัน ถ้าไม่มีผักในมื้อนี้ อย่าลืมชดเชยผักมื้ออื่น ๆ นะคะ ถ้าเพิ่มไข่ดาวก็อย่าลืมเลือกอาหารไขมันน้อย ๆ ในมื้ออื่นนะคะ"
    },
    {
      "id": "8",
      "food": "〰〰 🍚 ข้าว + กะเพราไก่ 🐔 〰〰",
      "cal": "2300",
      "content": "🍚 ข้าวสวย  👉  3 ทัพพี \r\n🐔 ไก่  👉  6 ช้อนโต๊ะ หรือ\r\n🥕 ผัก  👉  1 ทัพพี\r\nน้ำมัน  👉  3 ช้อนชา\r\n\r\n🗒 หมายเหตุ: ตัวอย่างผัก เช่น กะเพรา ถั่วฝักยาว แครอท ข้าวโพดอ่อน รวม ๆ กัน ถ้าไม่มีผักในมื้อนี้ อย่าลืมชดเชยผักมื้ออื่น ๆ นะคะ ถ้าเพิ่มไข่ดาวก็อย่าลืมเลือกอาหารไขมันน้อย ๆ ในมื้ออื่นนะคะ"
    },
    {
      "id": "9",
      "food": "〰〰 🍚 ข้าว + กะเพราไก่ 🐔 〰〰",
      "cal": "2400",
      "content": "🍚 ข้าวสวย  👉  3 ทัพพี \r\n🐔 ไก่  👉  6 ช้อนโต๊ะ หรือ\r\n🥕 ผัก  👉  1 ทัพพี\r\nน้ำมัน  👉  3 ช้อนชา\r\n\r\n🗒 หมายเหตุ: ตัวอย่างผัก เช่น กะเพรา ถั่วฝักยาว แครอท ข้าวโพดอ่อน รวม ๆ กัน ถ้าไม่มีผักในมื้อนี้ อย่าลืมชดเชยผักมื้ออื่น ๆ นะคะ ถ้าเพิ่มไข่ดาวก็อย่าลืมเลือกอาหารไขมันน้อย ๆ ในมื้ออื่นนะคะ"
    },
    {
      "id": "10",
      "food": "〰〰 🍚 ข้าว + กะเพราไก่ 🐔 〰〰",
      "cal": "2500",
      "content": "🍚 ข้าวสวย  👉  3 ทัพพี \r\n🐔 ไก่  👉  6 ช้อนโต๊ะ หรือ\r\n🥕 ผัก  👉  1 ทัพพี\r\nน้ำมัน  👉  3 ช้อนชา\r\n\r\n🗒 หมายเหตุ: ตัวอย่างผัก เช่น กะเพรา ถั่วฝักยาว แครอท ข้าวโพดอ่อน รวม ๆ กัน ถ้าไม่มีผักในมื้อนี้ อย่าลืมชดเชยผักมื้ออื่น ๆ นะคะ ถ้าเพิ่มไข่ดาวก็อย่าลืมเลือกอาหารไขมันน้อย ๆ ในมื้ออื่นนะคะ"
    },
    {
      "id": "11",
      "food": "〰〰 🍚 ข้าว + กะเพราไก่ 🐔 〰〰",
      "cal": "2600",
      "content": "🍚 ข้าวสวย  👉  3 ทัพพี \r\n🐔 ไก่  👉  6 ช้อนโต๊ะ หรือ\r\n🥕 ผัก  👉  1 ทัพพี\r\nน้ำมัน  👉  3 ช้อนชา\r\n\r\n🗒 หมายเหตุ: ตัวอย่างผัก เช่น กะเพรา ถั่วฝักยาว แครอท ข้าวโพดอ่อน รวม ๆ กัน ถ้าไม่มีผักในมื้อนี้ อย่าลืมชดเชยผักมื้ออื่น ๆ นะคะ ถ้าเพิ่มไข่ดาวก็อย่าลืมเลือกอาหารไขมันน้อย ๆ ในมื้ออื่นนะคะ"
    },
    {
      "id": "12",
      "food": "〰〰 🍚 ข้าว + ผัดผักรวมใส่หมู 🥒🐷 〰〰",
      "cal": "1600",
      "content": "🍚 ข้าวสวย  👉  2 ทัพพี \r\n🐷 หมูชิ้น  👉  4 ช้อนโต๊ะ\r\n🥒  👉  1 ทัพพี\r\nน้ำมัน  👉  2 ช้อนชา\r\n\r\n\r\n🗒 หมายเหตุ: ตัวอย่างผัก เช่น บร็อคโคลี ดอกกะหล่ำ คะน้า ผักกาดขาว ฯลฯ อย่าลืมเลือกให้หลากหลายนะคะ"
    },
    {
      "id": "13",
      "food": "〰〰 🍚 ข้าว + ผัดผักรวมใส่หมู 🥒🐷 〰〰",
      "cal": "1700",
      "content": "🍚 ข้าวสวย  👉  2 ทัพพี \r\n🐷 หมูชิ้น  👉  6 ช้อนโต๊ะ\r\n🥒  👉  1 ทัพพี\r\nน้ำมัน  👉  2 ช้อนชา\r\n\r\n\r\n🗒 หมายเหตุ: ตัวอย่างผัก เช่น บร็อคโคลี ดอกกะหล่ำ คะน้า ผักกาดขาว ฯลฯ อย่าลืมเลือกให้หลากหลายนะคะ"
    },    
    {
      "id": "14",
      "food": "〰〰 🍚 ข้าว + ผัดผักรวมใส่หมู 🥒🐷 〰〰",
      "cal": "1800",
      "content": "🍚 ข้าวสวย  👉  3 ทัพพี \r\n🐷 หมูชิ้น  👉  6 ช้อนโต๊ะ\r\n🥒  👉  1 ทัพพี\r\nน้ำมัน  👉  2 ช้อนชา\r\n\r\n\r\n🗒 หมายเหตุ: ตัวอย่างผัก เช่น บร็อคโคลี ดอกกะหล่ำ คะน้า ผักกาดขาว ฯลฯ อย่าลืมเลือกให้หลากหลายนะคะ"
    },
    {
      "id": "15",
      "food": "〰〰 🍚 ข้าว + ผัดผักรวมใส่หมู 🥒🐷 〰〰",
      "cal": "1900",
      "content": "🍚 ข้าวสวย  👉  3 ทัพพี \r\n🐷 หมูชิ้น  👉  6 ช้อนโต๊ะ\r\n🥒  👉  1 ทัพพี\r\nน้ำมัน  👉  3 ช้อนชา\r\n\r\n\r\n🗒 หมายเหตุ: ตัวอย่างผัก เช่น บร็อคโคลี ดอกกะหล่ำ คะน้า ผักกาดขาว ฯลฯ อย่าลืมเลือกให้หลากหลายนะคะ"
    },
    {
      "id": "16",
      "food": "〰〰 🍚 ข้าว + ผัดผักรวมใส่หมู 🥒🐷 〰〰",
      "cal": "2000",
      "content": "🍚 ข้าวสวย  👉  3 ทัพพี \r\n🐷 หมูชิ้น  👉  6 ช้อนโต๊ะ\r\n🥒  👉  1 ทัพพี\r\nน้ำมัน  👉  3 ช้อนชา\r\n\r\n\r\n🗒 หมายเหตุ: ตัวอย่างผัก เช่น บร็อคโคลี ดอกกะหล่ำ คะน้า ผักกาดขาว ฯลฯ อย่าลืมเลือกให้หลากหลายนะคะ"
    },
    {
      "id": "17",
      "food": "〰〰 🍚 ข้าว + ผัดผักรวมใส่หมู 🥒🐷 〰〰",
      "cal": "2100",
      "content": "🍚 ข้าวสวย  👉  3 ทัพพี \r\n🐷 หมูชิ้น  👉  6 ช้อนโต๊ะ\r\n🥒  👉  1 ทัพพี\r\nน้ำมัน  👉  3 ช้อนชา\r\n\r\n\r\n🗒 หมายเหตุ: ตัวอย่างผัก เช่น บร็อคโคลี ดอกกะหล่ำ คะน้า ผักกาดขาว ฯลฯ อย่าลืมเลือกให้หลากหลายนะคะ"
    },
    {
      "id": "18",
      "food": "〰〰 🍚 ข้าว + ผัดผักรวมใส่หมู 🥒🐷 〰〰",
      "cal": "2200",
      "content": "🍚 ข้าวสวย  👉  3 ทัพพี \r\n🐷 หมูชิ้น  👉  6 ช้อนโต๊ะ\r\n🥒  👉  1 ทัพพี\r\nน้ำมัน  👉  3 ช้อนชา\r\n\r\n\r\n🗒 หมายเหตุ: ตัวอย่างผัก เช่น บร็อคโคลี ดอกกะหล่ำ คะน้า ผักกาดขาว ฯลฯ อย่าลืมเลือกให้หลากหลายนะคะ"
    },
    {
      "id": "19",
      "food": "〰〰 🍚 ข้าว + ผัดผักรวมใส่หมู 🥒🐷 〰〰",
      "cal": "2300",
      "content": "🍚 ข้าวสวย  👉  3 ทัพพี \r\n🐷 หมูชิ้น  👉  6 ช้อนโต๊ะ\r\n🥒  👉  1 ทัพพี\r\nน้ำมัน  👉  3 ช้อนชา\r\n\r\n\r\n🗒 หมายเหตุ: ตัวอย่างผัก เช่น บร็อคโคลี ดอกกะหล่ำ คะน้า ผักกาดขาว ฯลฯ อย่าลืมเลือกให้หลากหลายนะคะ"
    },
    {
      "id": "20",
      "food": "〰〰 🍚 ข้าว + ผัดผักรวมใส่หมู 🥒🐷 〰〰",
      "cal": "2400",
      "content": "🍚 ข้าวสวย  👉  3 ทัพพี \r\n🐷 หมูชิ้น  👉  6 ช้อนโต๊ะ\r\n🥒  👉  1 ทัพพี\r\nน้ำมัน  👉  3 ช้อนชา\r\n\r\n\r\n🗒 หมายเหตุ: ตัวอย่างผัก เช่น บร็อคโคลี ดอกกะหล่ำ คะน้า ผักกาดขาว ฯลฯ อย่าลืมเลือกให้หลากหลายนะคะ"
    },
    {
      "id": "21",
      "food": "〰〰 🍚 ข้าว + ผัดผักรวมใส่หมู 🥒🐷 〰〰",
      "cal": "2500",
      "content": "🍚 ข้าวสวย  👉  3 ทัพพี \r\n🐷 หมูชิ้น  👉  6 ช้อนโต๊ะ\r\n🥒  👉  1 ทัพพี\r\nน้ำมัน  👉  3 ช้อนชา\r\n\r\n\r\n🗒 หมายเหตุ: ตัวอย่างผัก เช่น บร็อคโคลี ดอกกะหล่ำ คะน้า ผักกาดขาว ฯลฯ อย่าลืมเลือกให้หลากหลายนะคะ"
    },
    {
      "id": "22",
      "food": "〰〰 🍚 ข้าว + ผัดผักรวมใส่หมู 🥒🐷 〰〰",
      "cal": "2600",
      "content": "🍚 ข้าวสวย  👉  3 ทัพพี \r\n🐷 หมูชิ้น  👉  6 ช้อนโต๊ะ\r\n🥒  👉  1 ทัพพี\r\nน้ำมัน  👉  3 ช้อนชา\r\n\r\n\r\n🗒 หมายเหตุ: ตัวอย่างผัก เช่น บร็อคโคลี ดอกกะหล่ำ คะน้า ผักกาดขาว ฯลฯ อย่าลืมเลือกให้หลากหลายนะคะ"
    },
    {
      "id": "23",
      "food": "〰〰 🍚 ข้าว + ผัดมะเขือยาวหมูสับ 🍆 〰〰",
      "cal": "1600",
      "content": "🍚 ข้าวสวย  👉  2 ทัพพี \r\n🐷 หมูสับ  👉  4 ช้อนโต๊ะ\r\n🍆 มะเขือยาว  👉 1 ทัพพี\r\nน้ำมัน  👉  2 ช้อนชา\r\n\r\n🗒 หมายเหตุ: พยายามตักแต่เนื้อ เหลือน้ำมันเอาไว้นะคะ จะทำให้ได้รับพลังงานไม่มากเกินไปค่ะ"
    },
    {
      "id": "24",
      "food": "〰〰 🍚 ข้าว + ผัดมะเขือยาวหมูสับ 🍆 〰〰",
      "cal": "1700",
      "content": "🍚 ข้าวสวย  👉  2 ทัพพี \r\n🐷 หมูสับ  👉  6 ช้อนโต๊ะ\r\n🍆 มะเขือยาว  👉 1 ทัพพี\r\nน้ำมัน  👉  2 ช้อนชา\r\n\r\n🗒 หมายเหตุ: พยายามตักแต่เนื้อ เหลือน้ำมันเอาไว้นะคะ จะทำให้ได้รับพลังงานไม่มากเกินไปค่ะ"
    },
    {
      "id": "25",
      "food": "〰〰 🍚 ข้าว + ผัดมะเขือยาวหมูสับ 🍆 〰〰",
      "cal": "1800",
      "content": "🍚 ข้าวสวย  👉  3 ทัพพี \r\n🐷 หมูสับ  👉  6 ช้อนโต๊ะ\r\n🍆 มะเขือยาว  👉 1 ทัพพี\r\nน้ำมัน  👉  2 ช้อนชา\r\n\r\n🗒 หมายเหตุ: พยายามตักแต่เนื้อ เหลือน้ำมันเอาไว้นะคะ จะทำให้ได้รับพลังงานไม่มากเกินไปค่ะ"
    },
    {
      "id": "26",
      "food": "〰〰 🍚 ข้าว + ผัดมะเขือยาวหมูสับ 🍆 〰〰",
      "cal": "1900",
      "content": "🍚 ข้าวสวย  👉  3 ทัพพี \r\n🐷 หมูสับ  👉  6 ช้อนโต๊ะ\r\n🍆 มะเขือยาว  👉 1 ทัพพี\r\nน้ำมัน  👉  2 ช้อนชา\r\n\r\n🗒 หมายเหตุ: พยายามตักแต่เนื้อ เหลือน้ำมันเอาไว้นะคะ จะทำให้ได้รับพลังงานไม่มากเกินไปค่ะ"
    },
    {
      "id": "27",
      "food": "〰〰 🍚 ข้าว + ผัดมะเขือยาวหมูสับ 🍆 〰〰",
      "cal": "2000",
      "content": "🍚 ข้าวสวย  👉  3 ทัพพี \r\n🐷 หมูสับ  👉  6 ช้อนโต๊ะ\r\n🍆 มะเขือยาว  👉 1 ทัพพี\r\nน้ำมัน  👉  2 ช้อนชา\r\n\r\n🗒 หมายเหตุ: พยายามตักแต่เนื้อ เหลือน้ำมันเอาไว้นะคะ จะทำให้ได้รับพลังงานไม่มากเกินไปค่ะ"
    },
    {
      "id": "28",
      "food": "〰〰 🍚 ข้าว + ผัดมะเขือยาวหมูสับ 🍆 〰〰",
      "cal": "2100",
      "content": "🍚 ข้าวสวย  👉  3 ทัพพี \r\n🐷 หมูสับ  👉  6 ช้อนโต๊ะ\r\n🍆 มะเขือยาว  👉 1 ทัพพี\r\nน้ำมัน  👉  2 ช้อนชา\r\n\r\n🗒 หมายเหตุ: พยายามตักแต่เนื้อ เหลือน้ำมันเอาไว้นะคะ จะทำให้ได้รับพลังงานไม่มากเกินไปค่ะ"
    },
    {
      "id": "29",
      "food": "〰〰 🍚 ข้าว + ผัดมะเขือยาวหมูสับ 🍆 〰〰",
      "cal": "2200",
      "content": "🍚 ข้าวสวย  👉  3 ทัพพี \r\n🐷 หมูสับ  👉  6 ช้อนโต๊ะ\r\n🍆 มะเขือยาว  👉 1 ทัพพี\r\nน้ำมัน  👉  3 ช้อนชา\r\n\r\n🗒 หมายเหตุ: พยายามตักแต่เนื้อ เหลือน้ำมันเอาไว้นะคะ จะทำให้ได้รับพลังงานไม่มากเกินไปค่ะ"
    },
    {
      "id": "30",
      "food": "〰〰 🍚 ข้าว + ผัดมะเขือยาวหมูสับ 🍆 〰〰",
      "cal": "2300",
      "content": "🍚 ข้าวสวย  👉  3 ทัพพี \r\n🐷 หมูสับ  👉  6 ช้อนโต๊ะ\r\n🍆 มะเขือยาว  👉 1 ทัพพี\r\nน้ำมัน  👉  3 ช้อนชา\r\n\r\n🗒 หมายเหตุ: พยายามตักแต่เนื้อ เหลือน้ำมันเอาไว้นะคะ จะทำให้ได้รับพลังงานไม่มากเกินไปค่ะ"
    },
    {
      "id": "31",
      "food": "〰〰 🍚 ข้าว + ผัดมะเขือยาวหมูสับ 🍆 〰〰",
      "cal": "2400",
      "content": "🍚 ข้าวสวย  👉  3 ทัพพี \r\n🐷 หมูสับ  👉  6 ช้อนโต๊ะ\r\n🍆 มะเขือยาว  👉 1 ทัพพี\r\nน้ำมัน  👉  3 ช้อนชา\r\n\r\n🗒 หมายเหตุ: พยายามตักแต่เนื้อ เหลือน้ำมันเอาไว้นะคะ จะทำให้ได้รับพลังงานไม่มากเกินไปค่ะ"
    },
    {
      "id": "32",
      "food": "〰〰 🍚 ข้าว + ผัดมะเขือยาวหมูสับ 🍆 〰〰",
      "cal": "2500",
      "content": "🍚 ข้าวสวย  👉  3 ทัพพี \r\n🐷 หมูสับ  👉  6 ช้อนโต๊ะ\r\n🍆 มะเขือยาว  👉 1 ทัพพี\r\nน้ำมัน  👉  3 ช้อนชา\r\n\r\n🗒 หมายเหตุ: พยายามตักแต่เนื้อ เหลือน้ำมันเอาไว้นะคะ จะทำให้ได้รับพลังงานไม่มากเกินไปค่ะ"
    },
    {
      "id": "33",
      "food": "〰〰 🍚 ข้าว + ผัดมะเขือยาวหมูสับ 🍆 〰〰",
      "cal": "2600",
      "content": "🍚 ข้าวสวย  👉  3 ทัพพี \r\n🐷 หมูสับ  👉  6 ช้อนโต๊ะ\r\n🍆 มะเขือยาว  👉 1 ทัพพี\r\nน้ำมัน  👉  3 ช้อนชา\r\n\r\n🗒 หมายเหตุ: พยายามตักแต่เนื้อ เหลือน้ำมันเอาไว้นะคะ จะทำให้ได้รับพลังงานไม่มากเกินไปค่ะ"
    },
    {
      "id": "34",
      "food": "〰〰 🍚 ข้าว + แกงจืดตำลึง 🥘 〰〰",
      "cal": "1600",
      "content": "🍚 ข้าวสวย  👉  2 ทัพพี \r\n☘ ตำลึง  👉  1 ทัพพี \r\n🐷 หมูสับ  👉  2 ช้อนโต๊ะ หรือ\r\nเต้าหู้ไข่  👉  2 ช้อนโต๊ะ\r\n\r\n🗒 หมายเหตุ: เมนูนี้จะมีไขมันน้อย (ถ้าเลือกหมูสับที่ไม่มัน) เอาไว้ชดเชยกับมื้ออื่นที่มีไขมันมากกว่าปกติได้ค่ะ"
    },
    {
      "id": "35",
      "food": "〰〰 🍚 ข้าว + แกงจืดตำลึง 🥘 〰〰",
      "cal": "1700",
      "content": "🍚 ข้าวสวย  👉  2 ทัพพี \r\n☘ ตำลึง  👉  1 ทัพพี \r\n🐷 หมูสับ  👉  2 ช้อนโต๊ะ หรือ\r\nเต้าหู้ไข่  👉  4 ช้อนโต๊ะ\r\n\r\n🗒 หมายเหตุ: เมนูนี้จะมีไขมันน้อย (ถ้าเลือกหมูสับที่ไม่มัน) เอาไว้ชดเชยกับมื้ออื่นที่มีไขมันมากกว่าปกติได้ค่ะ"
    },
    {
      "id": "36",
      "food": "〰〰 🍚 ข้าว + แกงจืดตำลึง 🥘 〰〰",
      "cal": "1800",
      "content": "🍚 ข้าวสวย  👉  3 ทัพพี \r\n☘ ตำลึง  👉  1 ทัพพี \r\n🐷 หมูสับ  👉  2 ช้อนโต๊ะ หรือ\r\nเต้าหู้ไข่  👉  4 ช้อนโต๊ะ\r\n\r\n🗒 หมายเหตุ: เมนูนี้จะมีไขมันน้อย (ถ้าเลือกหมูสับที่ไม่มัน) เอาไว้ชดเชยกับมื้ออื่นที่มีไขมันมากกว่าปกติได้ค่ะ"
    },
    {
      "id": "37",
      "food": "〰〰 🍚 ข้าว + แกงจืดตำลึง 🥘 〰〰",
      "cal": "1900",
      "content": "🍚 ข้าวสวย  👉  3 ทัพพี \r\n☘ ตำลึง  👉  1 ทัพพี \r\n🐷 หมูสับ  👉  2 ช้อนโต๊ะ หรือ\r\nเต้าหู้ไข่  👉  4 ช้อนโต๊ะ\r\n\r\n🗒 หมายเหตุ: เมนูนี้จะมีไขมันน้อย (ถ้าเลือกหมูสับที่ไม่มัน) เอาไว้ชดเชยกับมื้ออื่นที่มีไขมันมากกว่าปกติได้ค่ะ"
    },
    {
      "id": "38",
      "food": "〰〰 🍚 ข้าว + แกงจืดตำลึง 🥘 〰〰",
      "cal": "2000",
      "content": "🍚 ข้าวสวย  👉  3 ทัพพี \r\n☘ ตำลึง  👉  1 ทัพพี \r\n🐷 หมูสับ  👉  2 ช้อนโต๊ะ หรือ\r\nเต้าหู้ไข่  👉  4 ช้อนโต๊ะ\r\n\r\n🗒 หมายเหตุ: เมนูนี้จะมีไขมันน้อย (ถ้าเลือกหมูสับที่ไม่มัน) เอาไว้ชดเชยกับมื้ออื่นที่มีไขมันมากกว่าปกติได้ค่ะ"
    },
    {
      "id": "39",
      "food": "〰〰 🍚 ข้าว + แกงจืดตำลึง 🥘 〰〰",
      "cal": "2100",
      "content": "🍚 ข้าวสวย  👉  3 ทัพพี \r\n☘ ตำลึง  👉  1 ทัพพี \r\n🐷 หมูสับ  👉  2 ช้อนโต๊ะ หรือ\r\nเต้าหู้ไข่  👉  4 ช้อนโต๊ะ\r\n\r\n🗒 หมายเหตุ: เมนูนี้จะมีไขมันน้อย (ถ้าเลือกหมูสับที่ไม่มัน) เอาไว้ชดเชยกับมื้ออื่นที่มีไขมันมากกว่าปกติได้ค่ะ"
    },
    {
      "id": "40",
      "food": "〰〰 🍚 ข้าว + แกงจืดตำลึง 🥘 〰〰",
      "cal": "2200",
      "content": "🍚 ข้าวสวย  👉  3 ทัพพี \r\n☘ ตำลึง  👉  1 ทัพพี \r\n🐷 หมูสับ  👉  2 ช้อนโต๊ะ หรือ\r\nเต้าหู้ไข่  👉  4 ช้อนโต๊ะ\r\n\r\n🗒 หมายเหตุ: เมนูนี้จะมีไขมันน้อย (ถ้าเลือกหมูสับที่ไม่มัน) เอาไว้ชดเชยกับมื้ออื่นที่มีไขมันมากกว่าปกติได้ค่ะ"
    },
    {
      "id": "41",
      "food": "〰〰 🍚 ข้าว + แกงจืดตำลึง 🥘 〰〰",
      "cal": "2300",
      "content": "🍚 ข้าวสวย  👉  3 ทัพพี \r\n☘ ตำลึง  👉  1 ทัพพี \r\n🐷 หมูสับ  👉  2 ช้อนโต๊ะ หรือ\r\nเต้าหู้ไข่  👉  4 ช้อนโต๊ะ\r\n\r\n🗒 หมายเหตุ: เมนูนี้จะมีไขมันน้อย (ถ้าเลือกหมูสับที่ไม่มัน) เอาไว้ชดเชยกับมื้ออื่นที่มีไขมันมากกว่าปกติได้ค่ะ"
    },
    {
      "id": "42",
      "food": "〰〰 🍚 ข้าว + แกงจืดตำลึง 🥘 〰〰",
      "cal": "2400",
      "content": "🍚 ข้าวสวย  👉  3 ทัพพี \r\n☘ ตำลึง  👉  1 ทัพพี \r\n🐷 หมูสับ  👉  2 ช้อนโต๊ะ หรือ\r\nเต้าหู้ไข่  👉  4 ช้อนโต๊ะ\r\n\r\n🗒 หมายเหตุ: เมนูนี้จะมีไขมันน้อย (ถ้าเลือกหมูสับที่ไม่มัน) เอาไว้ชดเชยกับมื้ออื่นที่มีไขมันมากกว่าปกติได้ค่ะ"
    },
    {
      "id": "43",
      "food": "〰〰 🍚 ข้าว + แกงจืดตำลึง 🥘 〰〰",
      "cal": "2500",
      "content": "🍚 ข้าวสวย  👉  3 ทัพพี \r\n☘ ตำลึง  👉  1 ทัพพี \r\n🐷 หมูสับ  👉  2 ช้อนโต๊ะ หรือ\r\nเต้าหู้ไข่  👉  4 ช้อนโต๊ะ\r\n\r\n🗒 หมายเหตุ: เมนูนี้จะมีไขมันน้อย (ถ้าเลือกหมูสับที่ไม่มัน) เอาไว้ชดเชยกับมื้ออื่นที่มีไขมันมากกว่าปกติได้ค่ะ"
    },
    {
      "id": "44",
      "food": "〰〰 🍚 ข้าว + แกงจืดตำลึง 🥘 〰〰",
      "cal": "2600",
      "content": "🍚 ข้าวสวย  👉  3 ทัพพี \r\n☘ ตำลึง  👉  1 ทัพพี \r\n🐷 หมูสับ  👉  2 ช้อนโต๊ะ หรือ\r\nเต้าหู้ไข่  👉  4 ช้อนโต๊ะ\r\n\r\n🗒 หมายเหตุ: เมนูนี้จะมีไขมันน้อย (ถ้าเลือกหมูสับที่ไม่มัน) เอาไว้ชดเชยกับมื้ออื่นที่มีไขมันมากกว่าปกติได้ค่ะ"
    },
    {
      "id": "45",
      "food": "〰〰 🍚 ข้าว + ผัดพริกแกงปลาดุก🌶🐟 〰〰",
      "cal": "1600",
      "content": "🍚 ข้าวสวย  👉  2 ทัพพี \r\n🍞 ปลาดุกทอด  👉  4 ช้อนโต๊ะ \r\n🌶 ผัก  👉  1 ทัพพี \r\n\r\n🗒 หมายเหตุ: ตัวอย่างผัก เช่น กระชาย ใบมะกรูด พริก รวม ๆ กัน ถ้าผักไม่พอในมื้อนี้ อย่าลืมชดเชยผักมื้ออื่น ๆ นะคะ"
    },
    {
      "id": "46",
      "food": "〰〰 🍚 ข้าว + ผัดพริกแกงปลาดุก🌶🐟 〰〰",
      "cal": "1700",
      "content": "🍚 ข้าวสวย  👉  2 ทัพพี \r\n🍞 ปลาดุกทอด  👉  6 ช้อนโต๊ะ \r\n🌶 ผัก  👉  1 ทัพพี \r\n\r\n🗒 หมายเหตุ: ตัวอย่างผัก เช่น กระชาย ใบมะกรูด พริก รวม ๆ กัน ถ้าผักไม่พอในมื้อนี้ อย่าลืมชดเชยผักมื้ออื่น ๆ นะคะ"
    },
    {
      "id": "47",
      "food": "〰〰 🍚 ข้าว + ผัดพริกแกงปลาดุก🌶🐟 〰〰",
      "cal": "1800",
      "content": "🍚 ข้าวสวย  👉  3 ทัพพี \r\n🍞 ปลาดุกทอด  👉  6 ช้อนโต๊ะ \r\n🌶 ผัก  👉  1 ทัพพี \r\n\r\n🗒 หมายเหตุ: ตัวอย่างผัก เช่น กระชาย ใบมะกรูด พริก รวม ๆ กัน ถ้าผักไม่พอในมื้อนี้ อย่าลืมชดเชยผักมื้ออื่น ๆ นะคะ"
    },
    {
      "id": "48",
      "food": "〰〰 🍚 ข้าว + ผัดพริกแกงปลาดุก🌶🐟 〰〰",
      "cal": "1900",
      "content": "🍚 ข้าวสวย  👉  3 ทัพพี \r\n🍞 ปลาดุกทอด  👉  6 ช้อนโต๊ะ \r\n🌶 ผัก  👉  1 ทัพพี \r\n\r\n🗒 หมายเหตุ: ตัวอย่างผัก เช่น กระชาย ใบมะกรูด พริก รวม ๆ กัน ถ้าผักไม่พอในมื้อนี้ อย่าลืมชดเชยผักมื้ออื่น ๆ นะคะ"
    },
    {
      "id": "49",
      "food": "〰〰 🍚 ข้าว + ผัดพริกแกงปลาดุก🌶🐟 〰〰",
      "cal": "2000",
      "content": "🍚 ข้าวสวย  👉  3 ทัพพี \r\n🍞 ปลาดุกทอด  👉  6 ช้อนโต๊ะ \r\n🌶 ผัก  👉  1 ทัพพี \r\n\r\n🗒 หมายเหตุ: ตัวอย่างผัก เช่น กระชาย ใบมะกรูด พริก รวม ๆ กัน ถ้าผักไม่พอในมื้อนี้ อย่าลืมชดเชยผักมื้ออื่น ๆ นะคะ"
    },
    {
      "id": "50",
      "food": "〰〰 🍚 ข้าว + ผัดพริกแกงปลาดุก🌶🐟 〰〰",
      "cal": "2100",
      "content": "🍚 ข้าวสวย  👉  3 ทัพพี \r\n🍞 ปลาดุกทอด  👉  6 ช้อนโต๊ะ \r\n🌶 ผัก  👉  1 ทัพพี \r\n\r\n🗒 หมายเหตุ: ตัวอย่างผัก เช่น กระชาย ใบมะกรูด พริก รวม ๆ กัน ถ้าผักไม่พอในมื้อนี้ อย่าลืมชดเชยผักมื้ออื่น ๆ นะคะ"
    },
    {
      "id": "51",
      "food": "〰〰 🍚 ข้าว + ผัดพริกแกงปลาดุก🌶🐟 〰〰",
      "cal": "2200",
      "content": "🍚 ข้าวสวย  👉  3 ทัพพี \r\n🍞 ปลาดุกทอด  👉  6 ช้อนโต๊ะ \r\n🌶 ผัก  👉  1 ทัพพี \r\n\r\n🗒 หมายเหตุ: ตัวอย่างผัก เช่น กระชาย ใบมะกรูด พริก รวม ๆ กัน ถ้าผักไม่พอในมื้อนี้ อย่าลืมชดเชยผักมื้ออื่น ๆ นะคะ"
    },
    {
      "id": "52",
      "food": "〰〰 🍚 ข้าว + ผัดพริกแกงปลาดุก🌶🐟 〰〰",
      "cal": "2300",
      "content": "🍚 ข้าวสวย  👉  3 ทัพพี \r\n🍞 ปลาดุกทอด  👉  6 ช้อนโต๊ะ \r\n🌶 ผัก  👉  1 ทัพพี \r\n\r\n🗒 หมายเหตุ: ตัวอย่างผัก เช่น กระชาย ใบมะกรูด พริก รวม ๆ กัน ถ้าผักไม่พอในมื้อนี้ อย่าลืมชดเชยผักมื้ออื่น ๆ นะคะ"
    },
    {
      "id": "53",
      "food": "〰〰 🍚 ข้าว + ผัดพริกแกงปลาดุก🌶🐟 〰〰",
      "cal": "2400",
      "content": "🍚 ข้าวสวย  👉  3 ทัพพี \r\n🍞 ปลาดุกทอด  👉  6 ช้อนโต๊ะ \r\n🌶 ผัก  👉  1 ทัพพี \r\n\r\n🗒 หมายเหตุ: ตัวอย่างผัก เช่น กระชาย ใบมะกรูด พริก รวม ๆ กัน ถ้าผักไม่พอในมื้อนี้ อย่าลืมชดเชยผักมื้ออื่น ๆ นะคะ"
    },
    {
      "id": "54",
      "food": "〰〰 🍚 ข้าว + ผัดพริกแกงปลาดุก🌶🐟 〰〰",
      "cal": "2500",
      "content": "🍚 ข้าวสวย  👉  3 ทัพพี \r\n🍞 ปลาดุกทอด  👉  6 ช้อนโต๊ะ \r\n🌶 ผัก  👉  1 ทัพพี \r\n\r\n🗒 หมายเหตุ: ตัวอย่างผัก เช่น กระชาย ใบมะกรูด พริก รวม ๆ กัน ถ้าผักไม่พอในมื้อนี้ อย่าลืมชดเชยผักมื้ออื่น ๆ นะคะ"
    },
    {
      "id": "55",
      "food": "〰〰 🍚 ข้าว + ผัดพริกแกงปลาดุก🌶🐟 〰〰",
      "cal": "2600",
      "content": "🍚 ข้าวสวย  👉  3 ทัพพี \r\n🍞 ปลาดุกทอด  👉  6 ช้อนโต๊ะ \r\n🌶 ผัก  👉  1 ทัพพี \r\n\r\n🗒 หมายเหตุ: ตัวอย่างผัก เช่น กระชาย ใบมะกรูด พริก รวม ๆ กัน ถ้าผักไม่พอในมื้อนี้ อย่าลืมชดเชยผักมื้ออื่น ๆ นะคะ"
    },
    {
      "id": "56",
      "food": "〰〰 🍚 ข้าว + ไก่ผัดขิง 🐔 〰〰",
      "cal": "1600",
      "content": "🍚 ข้าวสวย  👉  2 ทัพพี \r\n🐔 ไก่  👉  4 ช้อนโต๊ะ \r\n🥒 ผัก  👉  1 ทัพพี\r\nน้ำมัน  👉  2 ช้อนชา\r\n\r\n🗒 หมายเหตุ: ตัวอย่างผัก เช่น ขิง หอมหัวใหญ่ เห็ดหอม รวม ๆ กัน ถ้าผักไม่พอในมื้อนี้ อย่าลืมชดเชยผักมื้ออื่น ๆ นะคะ"
    },  
    {
      "id": "57",
      "food": "〰〰 🍚 ข้าว + ไก่ผัดขิง 🐔 〰〰",
      "cal": "1700",
      "content": "🍚 ข้าวสวย  👉  2 ทัพพี \r\n🐔 ไก่  👉  6 ช้อนโต๊ะ \r\n🥒 ผัก  👉  1 ทัพพี\r\nน้ำมัน  👉  2 ช้อนชา\r\n\r\n🗒 หมายเหตุ: ตัวอย่างผัก เช่น ขิง หอมหัวใหญ่ เห็ดหอม รวม ๆ กัน ถ้าผักไม่พอในมื้อนี้ อย่าลืมชดเชยผักมื้ออื่น ๆ นะคะ"
    },  
    {
      "id": "58",
      "food": "〰〰 🍚 ข้าว + ไก่ผัดขิง 🐔 〰〰",
      "cal": "1800",
      "content": "🍚 ข้าวสวย  👉  3 ทัพพี \r\n🐔 ไก่  👉  6 ช้อนโต๊ะ \r\n🥒 ผัก  👉  1 ทัพพี\r\nน้ำมัน  👉  2 ช้อนชา\r\n\r\n🗒 หมายเหตุ: ตัวอย่างผัก เช่น ขิง หอมหัวใหญ่ เห็ดหอม รวม ๆ กัน ถ้าผักไม่พอในมื้อนี้ อย่าลืมชดเชยผักมื้ออื่น ๆ นะคะ"
    },  
    {
      "id": "59",
      "food": "〰〰 🍚 ข้าว + ไก่ผัดขิง 🐔 〰〰",
      "cal": "1900",
      "content": "🍚 ข้าวสวย  👉  3 ทัพพี \r\n🐔 ไก่  👉  6 ช้อนโต๊ะ \r\n🥒 ผัก  👉  1 ทัพพี\r\nน้ำมัน  👉  3 ช้อนชา\r\n\r\n🗒 หมายเหตุ: ตัวอย่างผัก เช่น ขิง หอมหัวใหญ่ เห็ดหอม รวม ๆ กัน ถ้าผักไม่พอในมื้อนี้ อย่าลืมชดเชยผักมื้ออื่น ๆ นะคะ"
    },  
    {
      "id": "60",
      "food": "〰〰 🍚 ข้าว + ไก่ผัดขิง 🐔 〰〰",
      "cal": "2000",
      "content": "🍚 ข้าวสวย  👉  3 ทัพพี \r\n🐔 ไก่  👉  6 ช้อนโต๊ะ \r\n🥒 ผัก  👉  1 ทัพพี\r\nน้ำมัน  👉  3 ช้อนชา\r\n\r\n🗒 หมายเหตุ: ตัวอย่างผัก เช่น ขิง หอมหัวใหญ่ เห็ดหอม รวม ๆ กัน ถ้าผักไม่พอในมื้อนี้ อย่าลืมชดเชยผักมื้ออื่น ๆ นะคะ"
    },
    {
      "id": "61",
      "food": "〰〰 🍚 ข้าว + ไก่ผัดขิง 🐔 〰〰",
      "cal": "2100",
      "content": "🍚 ข้าวสวย  👉  3 ทัพพี \r\n🐔 ไก่  👉  6 ช้อนโต๊ะ \r\n🥒 ผัก  👉  1 ทัพพี\r\nน้ำมัน  👉  3 ช้อนชา\r\n\r\n🗒 หมายเหตุ: ตัวอย่างผัก เช่น ขิง หอมหัวใหญ่ เห็ดหอม รวม ๆ กัน ถ้าผักไม่พอในมื้อนี้ อย่าลืมชดเชยผักมื้ออื่น ๆ นะคะ"
    },  
    {
      "id": "62",
      "food": "〰〰 🍚 ข้าว + ไก่ผัดขิง 🐔 〰〰",
      "cal": "2200",
      "content": "🍚 ข้าวสวย  👉  3 ทัพพี \r\n🐔 ไก่  👉  6 ช้อนโต๊ะ \r\n🥒 ผัก  👉  1 ทัพพี\r\nน้ำมัน  👉  3 ช้อนชา\r\n\r\n🗒 หมายเหตุ: ตัวอย่างผัก เช่น ขิง หอมหัวใหญ่ เห็ดหอม รวม ๆ กัน ถ้าผักไม่พอในมื้อนี้ อย่าลืมชดเชยผักมื้ออื่น ๆ นะคะ"
    },  
    {
      "id": "63",
      "food": "〰〰 🍚 ข้าว + ไก่ผัดขิง 🐔 〰〰",
      "cal": "2300",
      "content": "🍚 ข้าวสวย  👉  3 ทัพพี \r\n🐔 ไก่  👉  6 ช้อนโต๊ะ \r\n🥒 ผัก  👉  1 ทัพพี\r\nน้ำมัน  👉  3 ช้อนชา\r\n\r\n🗒 หมายเหตุ: ตัวอย่างผัก เช่น ขิง หอมหัวใหญ่ เห็ดหอม รวม ๆ กัน ถ้าผักไม่พอในมื้อนี้ อย่าลืมชดเชยผักมื้ออื่น ๆ นะคะ"
    },  
    {
      "id": "64",
      "food": "〰〰 🍚 ข้าว + ไก่ผัดขิง 🐔 〰〰",
      "cal": "2400",
      "content": "🍚 ข้าวสวย  👉  3 ทัพพี \r\n🐔 ไก่  👉  6 ช้อนโต๊ะ \r\n🥒 ผัก  👉  1 ทัพพี\r\nน้ำมัน  👉  3 ช้อนชา\r\n\r\n🗒 หมายเหตุ: ตัวอย่างผัก เช่น ขิง หอมหัวใหญ่ เห็ดหอม รวม ๆ กัน ถ้าผักไม่พอในมื้อนี้ อย่าลืมชดเชยผักมื้ออื่น ๆ นะคะ"
    },  
    {
      "id": "65",
      "food": "〰〰 🍚 ข้าว + ไก่ผัดขิง 🐔 〰〰",
      "cal": "2500",
      "content": "🍚 ข้าวสวย  👉  3 ทัพพี \r\n🐔 ไก่  👉  6 ช้อนโต๊ะ \r\n🥒 ผัก  👉  1 ทัพพี\r\nน้ำมัน  👉  3 ช้อนชา\r\n\r\n🗒 หมายเหตุ: ตัวอย่างผัก เช่น ขิง หอมหัวใหญ่ เห็ดหอม รวม ๆ กัน ถ้าผักไม่พอในมื้อนี้ อย่าลืมชดเชยผักมื้ออื่น ๆ นะคะ"
    },  
    {
      "id": "66",
      "food": "〰〰 🍚 ข้าว + ไก่ผัดขิง 🐔 〰〰",
      "cal": "2600",
      "content": "🍚 ข้าวสวย  👉  3 ทัพพี \r\n🐔 ไก่  👉  6 ช้อนโต๊ะ \r\n🥒 ผัก  👉  1 ทัพพี\r\nน้ำมัน  👉  3 ช้อนชา\r\n\r\n🗒 หมายเหตุ: ตัวอย่างผัก เช่น ขิง หอมหัวใหญ่ เห็ดหอม รวม ๆ กัน ถ้าผักไม่พอในมื้อนี้ อย่าลืมชดเชยผักมื้ออื่น ๆ นะคะ"
    },
    {
      "id": "67",
      "food": "〰〰 🍚 ข้าว + ผัดเต้าหู้ถั่วงอก 〰〰",
      "cal": "1600",
      "content": "🍚 ข้าวสวย  👉  2 ทัพพี \r\nเต้าหู้  👉  4 ช้อนโต๊ะ \r\nถั่วงอก คื่นฉ่าย  👉  1 ทัพพี\r\nน้ำมัน  👉  2 ช้อนชา\r\n\r\n🗒 หมายเหตุ: พยายามตักแต่เนื้อ เหลือน้ำมันเอาไว้นะคะ จะทำให้ได้รับพลังงานไม่มากเกินไปค่ะ"
    },  
    {
      "id": "68",
      "food": "〰〰 🍚 ข้าว + ผัดเต้าหู้ถั่วงอก 〰〰",
      "cal": "1700",
      "content": "🍚 ข้าวสวย  👉  2 ทัพพี \r\nเต้าหู้  👉  6 ช้อนโต๊ะ \r\nถั่วงอก คื่นฉ่าย  👉  1 ทัพพี\r\nน้ำมัน  👉  2 ช้อนชา\r\n\r\n🗒 หมายเหตุ: พยายามตักแต่เนื้อ เหลือน้ำมันเอาไว้นะคะ จะทำให้ได้รับพลังงานไม่มากเกินไปค่ะ"
    },  
    {
      "id": "69",
      "food": "〰〰 🍚 ข้าว + ผัดเต้าหู้ถั่วงอก 〰〰",
      "cal": "1800",
      "content": "🍚 ข้าวสวย  👉  3 ทัพพี \r\nเต้าหู้  👉  6 ช้อนโต๊ะ \r\nถั่วงอก คื่นฉ่าย  👉  1 ทัพพี\r\nน้ำมัน  👉  2 ช้อนชา\r\n\r\n🗒 หมายเหตุ: พยายามตักแต่เนื้อ เหลือน้ำมันเอาไว้นะคะ จะทำให้ได้รับพลังงานไม่มากเกินไปค่ะ"
    },  
    {
      "id": "70",
      "food": "〰〰 🍚 ข้าว + ผัดเต้าหู้ถั่วงอก 〰〰",
      "cal": "1900",
      "content": "🍚 ข้าวสวย  👉  3 ทัพพี \r\nเต้าหู้  👉  6 ช้อนโต๊ะ \r\nถั่วงอก คื่นฉ่าย  👉  1 ทัพพี\r\nน้ำมัน  👉  3 ช้อนชา\r\n\r\n🗒 หมายเหตุ: พยายามตักแต่เนื้อ เหลือน้ำมันเอาไว้นะคะ จะทำให้ได้รับพลังงานไม่มากเกินไปค่ะ"
    },  
    {
      "id": "71",
      "food": "〰〰 🍚 ข้าว + ผัดเต้าหู้ถั่วงอก 〰〰",
      "cal": "2000",
      "content": "🍚 ข้าวสวย  👉  3 ทัพพี \r\nเต้าหู้  👉  6 ช้อนโต๊ะ \r\nถั่วงอก คื่นฉ่าย  👉  1 ทัพพี\r\nน้ำมัน  👉  3 ช้อนชา\r\n\r\n🗒 หมายเหตุ: พยายามตักแต่เนื้อ เหลือน้ำมันเอาไว้นะคะ จะทำให้ได้รับพลังงานไม่มากเกินไปค่ะ"
    },  
    {
      "id": "72",
      "food": "〰〰 🍚 ข้าว + ผัดเต้าหู้ถั่วงอก 〰〰",
      "cal": "2100",
      "content": "🍚 ข้าวสวย  👉  3 ทัพพี \r\nเต้าหู้  👉  6 ช้อนโต๊ะ \r\nถั่วงอก คื่นฉ่าย  👉  1 ทัพพี\r\nน้ำมัน  👉  3 ช้อนชา\r\n\r\n🗒 หมายเหตุ: พยายามตักแต่เนื้อ เหลือน้ำมันเอาไว้นะคะ จะทำให้ได้รับพลังงานไม่มากเกินไปค่ะ"
    },  
    {
      "id": "73",
      "food": "〰〰 🍚 ข้าว + ผัดเต้าหู้ถั่วงอก 〰〰",
      "cal": "2200",
      "content": "🍚 ข้าวสวย  👉  3 ทัพพี \r\nเต้าหู้  👉  6 ช้อนโต๊ะ \r\nถั่วงอก คื่นฉ่าย  👉  1 ทัพพี\r\nน้ำมัน  👉  3 ช้อนชา\r\n\r\n🗒 หมายเหตุ: พยายามตักแต่เนื้อ เหลือน้ำมันเอาไว้นะคะ จะทำให้ได้รับพลังงานไม่มากเกินไปค่ะ"
    },  
    {
      "id": "74",
      "food": "〰〰 🍚 ข้าว + ผัดเต้าหู้ถั่วงอก 〰〰",
      "cal": "2300",
      "content": "🍚 ข้าวสวย  👉  3 ทัพพี \r\nเต้าหู้  👉  6 ช้อนโต๊ะ \r\nถั่วงอก คื่นฉ่าย  👉  1 ทัพพี\r\nน้ำมัน  👉  3 ช้อนชา\r\n\r\n🗒 หมายเหตุ: พยายามตักแต่เนื้อ เหลือน้ำมันเอาไว้นะคะ จะทำให้ได้รับพลังงานไม่มากเกินไปค่ะ"
    },  
    {
      "id": "75",
      "food": "〰〰 🍚 ข้าว + ผัดเต้าหู้ถั่วงอก 〰〰",
      "cal": "2400",
      "content": "🍚 ข้าวสวย  👉  3 ทัพพี \r\nเต้าหู้  👉  6 ช้อนโต๊ะ \r\nถั่วงอก คื่นฉ่าย  👉  1 ทัพพี\r\nน้ำมัน  👉  3 ช้อนชา\r\n\r\n🗒 หมายเหตุ: พยายามตักแต่เนื้อ เหลือน้ำมันเอาไว้นะคะ จะทำให้ได้รับพลังงานไม่มากเกินไปค่ะ"
    },  
    {
      "id": "76",
      "food": "〰〰 🍚 ข้าว + ผัดเต้าหู้ถั่วงอก 〰〰",
      "cal": "2500",
      "content": "🍚 ข้าวสวย  👉  3 ทัพพี \r\nเต้าหู้  👉  6 ช้อนโต๊ะ \r\nถั่วงอก คื่นฉ่าย  👉  1 ทัพพี\r\nน้ำมัน  👉  3 ช้อนชา\r\n\r\n🗒 หมายเหตุ: พยายามตักแต่เนื้อ เหลือน้ำมันเอาไว้นะคะ จะทำให้ได้รับพลังงานไม่มากเกินไปค่ะ"
    },  
    {
      "id": "77",
      "food": "〰〰 🍚 ข้าว + ผัดเต้าหู้ถั่วงอก 〰〰",
      "cal": "2600",
      "content": "🍚 ข้าวสวย  👉  3 ทัพพี \r\nเต้าหู้  👉  6 ช้อนโต๊ะ \r\nถั่วงอก คื่นฉ่าย  👉  1 ทัพพี\r\nน้ำมัน  👉  3 ช้อนชา\r\n\r\n🗒 หมายเหตุ: พยายามตักแต่เนื้อ เหลือน้ำมันเอาไว้นะคะ จะทำให้ได้รับพลังงานไม่มากเกินไปค่ะ"
    }, 
    {
      "id": "78", 
      "food": "〰〰 สุกี้น้ำหมูชิ้น 🍲 〰〰",
      "cal": "1600",
      "content": "วุ้นเส้นสุก  👉  1 ถ้วยตวง \r\n🐷 หมูชิ้น  👉  2 ช้อนโต๊ะ และ\r\n🥚 ไข่ไก่  👉  1 ฟอง\r\n🥒 ผัก  👉  1 ทัพพี\r\n\r\n🗒 หมายเหตุ: เมนูนี้โดยทั่วไปจะมีไขมันน้อย แป้งน้อย แต่ผักเยอะ เอาไว้ชดเชยกับมื้ออืนได้ค่ะ"
    },  
    {
      "id": "79",
      "food": "〰〰 สุกี้น้ำหมูชิ้น 🍲 〰〰",
      "cal": "1700",
      "content": "วุ้นเส้นสุก  👉  1 ถ้วยตวง \r\n🐷 หมูชิ้น  👉  4 ช้อนโต๊ะ และ\r\n🥚 ไข่ไก่  👉  1 ฟอง\r\n🥒 ผัก  👉  1 ทัพพี\r\n\r\n🗒 หมายเหตุ: เมนูนี้โดยทั่วไปจะมีไขมันน้อย แป้งน้อย แต่ผักเยอะ เอาไว้ชดเชยกับมื้ออืนได้ค่ะ"
    },  
    {
      "id": "80",
      "food": "〰〰 สุกี้น้ำหมูชิ้น 🍲 〰〰",
      "cal": "1800",
      "content": "วุ้นเส้นสุก  👉  1.5 ถ้วยตวง \r\n🐷 หมูชิ้น  👉  4 ช้อนโต๊ะ และ\r\n🥚 ไข่ไก่  👉  1 ฟอง\r\n🥒 ผัก  👉  1 ทัพพี\r\n\r\n🗒 หมายเหตุ: เมนูนี้โดยทั่วไปจะมีไขมันน้อย แป้งน้อย แต่ผักเยอะ เอาไว้ชดเชยกับมื้ออืนได้ค่ะ"
    },  
    {
      "id": "81",
      "food": "〰〰 สุกี้น้ำหมูชิ้น 🍲 〰〰",
      "cal": "1900",
      "content": "วุ้นเส้นสุก  👉  1.5 ถ้วยตวง \r\n🐷 หมูชิ้น  👉  4 ช้อนโต๊ะ และ\r\n🥚 ไข่ไก่  👉  1 ฟอง\r\n🥒 ผัก  👉  1 ทัพพี\r\n\r\n🗒 หมายเหตุ: เมนูนี้โดยทั่วไปจะมีไขมันน้อย แป้งน้อย แต่ผักเยอะ เอาไว้ชดเชยกับมื้ออืนได้ค่ะ"
    },  
    {
      "id": "82",
      "food": "〰〰 สุกี้น้ำหมูชิ้น 🍲 〰〰",
      "cal": "2000",
      "content": "วุ้นเส้นสุก  👉  1.5 ถ้วยตวง \r\n🐷 หมูชิ้น  👉  4 ช้อนโต๊ะ และ\r\n🥚 ไข่ไก่  👉  1 ฟอง\r\n🥒 ผัก  👉  1 ทัพพี\r\n\r\n🗒 หมายเหตุ: เมนูนี้โดยทั่วไปจะมีไขมันน้อย แป้งน้อย แต่ผักเยอะ เอาไว้ชดเชยกับมื้ออืนได้ค่ะ"
    },  
    {
      "id": "83",
      "food": "〰〰 สุกี้น้ำหมูชิ้น 🍲 〰〰",
      "cal": "2100",
      "content": "วุ้นเส้นสุก  👉  1.5 ถ้วยตวง \r\n🐷 หมูชิ้น  👉  4 ช้อนโต๊ะ และ\r\n🥚 ไข่ไก่  👉  1 ฟอง\r\n🥒 ผัก  👉  1 ทัพพี\r\n\r\n🗒 หมายเหตุ: เมนูนี้โดยทั่วไปจะมีไขมันน้อย แป้งน้อย แต่ผักเยอะ เอาไว้ชดเชยกับมื้ออืนได้ค่ะ"
    },  
    {
      "id": "84",
      "food": "〰〰 สุกี้น้ำหมูชิ้น 🍲 〰〰",
      "cal": "2200",
      "content": "วุ้นเส้นสุก  👉  1.5 ถ้วยตวง \r\n🐷 หมูชิ้น  👉  4 ช้อนโต๊ะ และ\r\n🥚 ไข่ไก่  👉  1 ฟอง\r\n🥒 ผัก  👉  1 ทัพพี\r\n\r\n🗒 หมายเหตุ: เมนูนี้โดยทั่วไปจะมีไขมันน้อย แป้งน้อย แต่ผักเยอะ เอาไว้ชดเชยกับมื้ออืนได้ค่ะ"
    },  
    {
      "id": "85",
      "food": "〰〰 สุกี้น้ำหมูชิ้น 🍲 〰〰",
      "cal": "2300",
      "content": "วุ้นเส้นสุก  👉  1.5 ถ้วยตวง \r\n🐷 หมูชิ้น  👉  4 ช้อนโต๊ะ และ\r\n🥚 ไข่ไก่  👉  1 ฟอง\r\n🥒 ผัก  👉  1 ทัพพี\r\n\r\n🗒 หมายเหตุ: เมนูนี้โดยทั่วไปจะมีไขมันน้อย แป้งน้อย แต่ผักเยอะ เอาไว้ชดเชยกับมื้ออืนได้ค่ะ"
    },  
    {
      "id": "86",
      "food": "〰〰 สุกี้น้ำหมูชิ้น 🍲 〰〰",
      "cal": "2400",
      "content": "วุ้นเส้นสุก  👉  1.5 ถ้วยตวง \r\n🐷 หมูชิ้น  👉  4 ช้อนโต๊ะ และ\r\n🥚 ไข่ไก่  👉  1 ฟอง\r\n🥒 ผัก  👉  1 ทัพพี\r\n\r\n🗒 หมายเหตุ: เมนูนี้โดยทั่วไปจะมีไขมันน้อย แป้งน้อย แต่ผักเยอะ เอาไว้ชดเชยกับมื้ออืนได้ค่ะ"
    },  
    {
      "id": "87",
      "food": "〰〰 สุกี้น้ำหมูชิ้น 🍲 〰〰",
      "cal": "2500",
      "content": "วุ้นเส้นสุก  👉  1.5 ถ้วยตวง \r\n🐷 หมูชิ้น  👉  4 ช้อนโต๊ะ และ\r\n🥚 ไข่ไก่  👉  1 ฟอง\r\n🥒 ผัก  👉  1 ทัพพี\r\n\r\n🗒 หมายเหตุ: เมนูนี้โดยทั่วไปจะมีไขมันน้อย แป้งน้อย แต่ผักเยอะ เอาไว้ชดเชยกับมื้ออืนได้ค่ะ"
    },  
    {
      "id": "88",
      "food": "〰〰 สุกี้น้ำหมูชิ้น 🍲 〰〰",
      "cal": "2600",
      "content": "วุ้นเส้นสุก  👉  1.5 ถ้วยตวง \r\n🐷 หมูชิ้น  👉  4 ช้อนโต๊ะ และ\r\n🥚 ไข่ไก่  👉  1 ฟอง\r\n🥒 ผัก  👉  1 ทัพพี\r\n\r\n🗒 หมายเหตุ: เมนูนี้โดยทั่วไปจะมีไขมันน้อย แป้งน้อย แต่ผักเยอะ เอาไว้ชดเชยกับมื้ออืนได้ค่ะ"
    },  
    {
      "id": "89",
      "food": "〰〰 ผัดซีอิ๊ว 〰〰",
      "cal": "1600",
      "content": "เส้นใหญ่  👉  1 ถ้วยตวง \r\n🐷 หมูชิ้น  👉  2 ช้อนโต๊ะ และ\r\n🥚 ไข่ไก่  👉  1 ฟอง\r\n🥒 ผัก  👉  1 ทัพพี\r\nน้ำมัน  👉  2 ช้อนชา\r\n\r\n🗒 หมายเหตุ: ปกติแล้วแป้งจะเยอะ ผักจะน้อย อย่าลืมบอกแม่ค้าว่าลดเส้น เพิ่มผัก ก็จะทำให้ได้ผักมากขึ้นค่ะ"
    },  
    {
      "id": "90",
      "food": "〰〰 ผัดซีอิ๊ว 〰〰",
      "cal": "1700",
      "content": "เส้นใหญ่  👉  1 ถ้วยตวง \r\n🐷 หมูชิ้น  👉  4 ช้อนโต๊ะ และ\r\n🥚 ไข่ไก่  👉  1 ฟอง\r\n🥒 ผัก  👉  1 ทัพพี\r\nน้ำมัน  👉  2 ช้อนชา\r\n\r\n🗒 หมายเหตุ: ปกติแล้วแป้งจะเยอะ ผักจะน้อย อย่าลืมบอกแม่ค้าว่าลดเส้น เพิ่มผัก ก็จะทำให้ได้ผักมากขึ้นค่ะ"
    },  
    {
      "id": "91",
      "food": "〰〰 ผัดซีอิ๊ว 〰〰",
      "cal": "1800",
      "content": "เส้นใหญ่  👉  1.5 ถ้วยตวง \r\n🐷 หมูชิ้น  👉  4 ช้อนโต๊ะ และ\r\n🥚 ไข่ไก่  👉  1 ฟอง\r\n🥒 ผัก  👉  1 ทัพพี\r\nน้ำมัน  👉  2 ช้อนชา\r\n\r\n🗒 หมายเหตุ: ปกติแล้วแป้งจะเยอะ ผักจะน้อย อย่าลืมบอกแม่ค้าว่าลดเส้น เพิ่มผัก ก็จะทำให้ได้ผักมากขึ้นค่ะ"
    },  
    {
      "id": "92",
      "food": "〰〰 ผัดซีอิ๊ว 〰〰",
      "cal": "1900",
      "content": "เส้นใหญ่  👉  1.5 ถ้วยตวง \r\n🐷 หมูชิ้น  👉  4 ช้อนโต๊ะ และ\r\n🥚 ไข่ไก่  👉  1 ฟอง\r\n🥒 ผัก  👉  1 ทัพพี\r\nน้ำมัน  👉  3 ช้อนชา\r\n\r\n🗒 หมายเหตุ: ปกติแล้วแป้งจะเยอะ ผักจะน้อย อย่าลืมบอกแม่ค้าว่าลดเส้น เพิ่มผัก ก็จะทำให้ได้ผักมากขึ้นค่ะ"
    },  
    {
      "id": "93",
      "food": "〰〰 ผัดซีอิ๊ว 〰〰",
      "cal": "2000",
      "content": "เส้นใหญ่  👉  1.5 ถ้วยตวง \r\n🐷 หมูชิ้น  👉  4 ช้อนโต๊ะ และ\r\n🥚 ไข่ไก่  👉  1 ฟอง\r\n🥒 ผัก  👉  1 ทัพพี\r\nน้ำมัน  👉  3 ช้อนชา\r\n\r\n🗒 หมายเหตุ: ปกติแล้วแป้งจะเยอะ ผักจะน้อย อย่าลืมบอกแม่ค้าว่าลดเส้น เพิ่มผัก ก็จะทำให้ได้ผักมากขึ้นค่ะ"
    },  
    {
      "id": "94",
      "food": "〰〰 ผัดซีอิ๊ว 〰〰",
      "cal": "2100",
      "content": "เส้นใหญ่  👉  1.5 ถ้วยตวง \r\n🐷 หมูชิ้น  👉  4 ช้อนโต๊ะ และ\r\n🥚 ไข่ไก่  👉  1 ฟอง\r\n🥒 ผัก  👉  1 ทัพพี\r\nน้ำมัน  👉  3 ช้อนชา\r\n\r\n🗒 หมายเหตุ: ปกติแล้วแป้งจะเยอะ ผักจะน้อย อย่าลืมบอกแม่ค้าว่าลดเส้น เพิ่มผัก ก็จะทำให้ได้ผักมากขึ้นค่ะ"
    },  
    {
      "id": "95",
      "food": "〰〰 ผัดซีอิ๊ว 〰〰",
      "cal": "2200",
      "content": "เส้นใหญ่  👉  1.5 ถ้วยตวง \r\n🐷 หมูชิ้น  👉  4 ช้อนโต๊ะ และ\r\n🥚 ไข่ไก่  👉  1 ฟอง\r\n🥒 ผัก  👉  1 ทัพพี\r\nน้ำมัน  👉  3 ช้อนชา\r\n\r\n🗒 หมายเหตุ: ปกติแล้วแป้งจะเยอะ ผักจะน้อย อย่าลืมบอกแม่ค้าว่าลดเส้น เพิ่มผัก ก็จะทำให้ได้ผักมากขึ้นค่ะ"
    },  
    {
      "id": "96",
      "food": "〰〰 ผัดซีอิ๊ว 〰〰",
      "cal": "2300",
      "content": "เส้นใหญ่  👉  1.5 ถ้วยตวง \r\n🐷 หมูชิ้น  👉  4 ช้อนโต๊ะ และ\r\n🥚 ไข่ไก่  👉  1 ฟอง\r\n🥒 ผัก  👉  1 ทัพพี\r\nน้ำมัน  👉  3 ช้อนชา\r\n\r\n🗒 หมายเหตุ: ปกติแล้วแป้งจะเยอะ ผักจะน้อย อย่าลืมบอกแม่ค้าว่าลดเส้น เพิ่มผัก ก็จะทำให้ได้ผักมากขึ้นค่ะ"
    },
    {
      "id": "97",
      "food": "〰〰 ผัดซีอิ๊ว 〰〰",
      "cal": "2400",
      "content": "เส้นใหญ่  👉  1.5 ถ้วยตวง \r\n🐷 หมูชิ้น  👉  4 ช้อนโต๊ะ และ\r\n🥚 ไข่ไก่  👉  1 ฟอง\r\n🥒 ผัก  👉  1 ทัพพี\r\nน้ำมัน  👉  3 ช้อนชา\r\n\r\n🗒 หมายเหตุ: ปกติแล้วแป้งจะเยอะ ผักจะน้อย อย่าลืมบอกแม่ค้าว่าลดเส้น เพิ่มผัก ก็จะทำให้ได้ผักมากขึ้นค่ะ"
    }, 
    {
      "id": "98",
      "food": "〰〰 ผัดซีอิ๊ว 〰〰",
      "cal": "2500",
      "content": "เส้นใหญ่  👉  1.5 ถ้วยตวง \r\n🐷 หมูชิ้น  👉  4 ช้อนโต๊ะ และ\r\n🥚 ไข่ไก่  👉  1 ฟอง\r\n🥒 ผัก  👉  1 ทัพพี\r\nน้ำมัน  👉  3 ช้อนชา\r\n\r\n🗒 หมายเหตุ: ปกติแล้วแป้งจะเยอะ ผักจะน้อย อย่าลืมบอกแม่ค้าว่าลดเส้น เพิ่มผัก ก็จะทำให้ได้ผักมากขึ้นค่ะ"
    }, 
    {
      "id": "99",
      "food": "〰〰 ผัดซีอิ๊ว 〰〰",
      "cal": "2600",
      "content": "เส้นใหญ่  👉  1.5 ถ้วยตวง \r\n🐷 หมูชิ้น  👉  4 ช้อนโต๊ะ และ\r\n🥚 ไข่ไก่  👉  1 ฟอง\r\n🥒 ผัก  👉  1 ทัพพี\r\nน้ำมัน  👉  3 ช้อนชา\r\n\r\n🗒 หมายเหตุ: ปกติแล้วแป้งจะเยอะ ผักจะน้อย อย่าลืมบอกแม่ค้าว่าลดเส้น เพิ่มผัก ก็จะทำให้ได้ผักมากขึ้นค่ะ"
    }, 
    {
      "id": "100",
      "food": "〰〰 ข้าวขาหมูไม่มีหนัง🐷 〰〰",
      "cal": "1600",
      "content": "🍚 ข้าวสวย  👉  2 ทัพพี\r\n🐷 เนื้อหมู  👉  4 ช้อนโต๊ะ\r\n🌶 ผัก  👉  1 ทัพพี \r\n\r\n🗒 หมายเหตุ: ขอผักเพิ่มได้ถ้ารู้สึกว่าได้ไม่ถึงทัพพีนะคะ (เน้นคะน้านะคะ ไม่เน้นผักกาดดอง) ปกติขาหมูจะมีไขมันอยู่แล้ว ไม่ต้องกินเพิ่มก็น่าจะได้รับเพียงพอค่ะ"
    },
    {
      "id": "101",
      "food": "〰〰 ข้าวขาหมูไม่มีหนัง🐷 〰〰",
      "cal": "1700",
      "content": "🍚 ข้าวสวย  👉  2 ทัพพี\r\n🐷 เนื้อหมู  👉  6 ช้อนโต๊ะ\r\n🌶 ผัก  👉  1 ทัพพี \r\n\r\n🗒 หมายเหตุ: ขอผักเพิ่มได้ถ้ารู้สึกว่าได้ไม่ถึงทัพพีนะคะ (เน้นคะน้านะคะ ไม่เน้นผักกาดดอง) ปกติขาหมูจะมีไขมันอยู่แล้ว ไม่ต้องกินเพิ่มก็น่าจะได้รับเพียงพอค่ะ"
    }, 
    {
      "id": "102",
      "food": "〰〰 ข้าวขาหมูไม่มีหนัง🐷 〰〰",
      "cal": "1800",
      "content": "🍚 ข้าวสวย  👉  3 ทัพพี\r\n🐷 เนื้อหมู  👉  6 ช้อนโต๊ะ\r\n🌶 ผัก  👉  1 ทัพพี \r\n\r\n🗒 หมายเหตุ: ขอผักเพิ่มได้ถ้ารู้สึกว่าได้ไม่ถึงทัพพีนะคะ (เน้นคะน้านะคะ ไม่เน้นผักกาดดอง) ปกติขาหมูจะมีไขมันอยู่แล้ว ไม่ต้องกินเพิ่มก็น่าจะได้รับเพียงพอค่ะ"
    }, 
    {
      "id": "103",
      "food": "〰〰 ข้าวขาหมูไม่มีหนัง🐷 〰〰",
      "cal": "1900",
      "content": "🍚 ข้าวสวย  👉  3 ทัพพี\r\n🐷 เนื้อหมู  👉  6 ช้อนโต๊ะ\r\n🌶 ผัก  👉  1 ทัพพี \r\n\r\n🗒 หมายเหตุ: ขอผักเพิ่มได้ถ้ารู้สึกว่าได้ไม่ถึงทัพพีนะคะ (เน้นคะน้านะคะ ไม่เน้นผักกาดดอง) ปกติขาหมูจะมีไขมันอยู่แล้ว ไม่ต้องกินเพิ่มก็น่าจะได้รับเพียงพอค่ะ"
    }, 
    {
      "id": "104",
      "food": "〰〰 ข้าวขาหมูไม่มีหนัง🐷 〰〰",
      "cal": "2000",
      "content": "🍚 ข้าวสวย  👉  3 ทัพพี\r\n🐷 เนื้อหมู  👉  6 ช้อนโต๊ะ\r\n🌶 ผัก  👉  1 ทัพพี \r\n\r\n🗒 หมายเหตุ: ขอผักเพิ่มได้ถ้ารู้สึกว่าได้ไม่ถึงทัพพีนะคะ (เน้นคะน้านะคะ ไม่เน้นผักกาดดอง) ปกติขาหมูจะมีไขมันอยู่แล้ว ไม่ต้องกินเพิ่มก็น่าจะได้รับเพียงพอค่ะ"
    }, 
    {
      "id": "105",
      "food": "〰〰 ข้าวขาหมูไม่มีหนัง🐷 〰〰",
      "cal": "2100",
      "content": "🍚 ข้าวสวย  👉  3 ทัพพี\r\n🐷 เนื้อหมู  👉  6 ช้อนโต๊ะ\r\n🌶 ผัก  👉  1 ทัพพี \r\n\r\n🗒 หมายเหตุ: ขอผักเพิ่มได้ถ้ารู้สึกว่าได้ไม่ถึงทัพพีนะคะ (เน้นคะน้านะคะ ไม่เน้นผักกาดดอง) ปกติขาหมูจะมีไขมันอยู่แล้ว ไม่ต้องกินเพิ่มก็น่าจะได้รับเพียงพอค่ะ"
    }, 
    {
      "id": "106",
      "food": "〰〰 ข้าวขาหมูไม่มีหนัง🐷 〰〰",
      "cal": "2200",
      "content": "🍚 ข้าวสวย  👉  3 ทัพพี\r\n🐷 เนื้อหมู  👉  6 ช้อนโต๊ะ\r\n🌶 ผัก  👉  1 ทัพพี \r\n\r\n🗒 หมายเหตุ: ขอผักเพิ่มได้ถ้ารู้สึกว่าได้ไม่ถึงทัพพีนะคะ (เน้นคะน้านะคะ ไม่เน้นผักกาดดอง) ปกติขาหมูจะมีไขมันอยู่แล้ว ไม่ต้องกินเพิ่มก็น่าจะได้รับเพียงพอค่ะ"
    }, 
    {
      "id": "107",
      "food": "〰〰 ข้าวขาหมูไม่มีหนัง🐷 〰〰",
      "cal": "2300",
      "content": "🍚 ข้าวสวย  👉  3 ทัพพี\r\n🐷 เนื้อหมู  👉  6 ช้อนโต๊ะ\r\n🌶 ผัก  👉  1 ทัพพี \r\n\r\n🗒 หมายเหตุ: ขอผักเพิ่มได้ถ้ารู้สึกว่าได้ไม่ถึงทัพพีนะคะ (เน้นคะน้านะคะ ไม่เน้นผักกาดดอง) ปกติขาหมูจะมีไขมันอยู่แล้ว ไม่ต้องกินเพิ่มก็น่าจะได้รับเพียงพอค่ะ"
    }, 
    {
      "id": "108",
      "food": "〰〰 ข้าวขาหมูไม่มีหนัง🐷 〰〰",
      "cal": "2400",
      "content": "🍚 ข้าวสวย  👉  3 ทัพพี\r\n🐷 เนื้อหมู  👉  6 ช้อนโต๊ะ\r\n🌶 ผัก  👉  1 ทัพพี \r\n\r\n🗒 หมายเหตุ: ขอผักเพิ่มได้ถ้ารู้สึกว่าได้ไม่ถึงทัพพีนะคะ (เน้นคะน้านะคะ ไม่เน้นผักกาดดอง) ปกติขาหมูจะมีไขมันอยู่แล้ว ไม่ต้องกินเพิ่มก็น่าจะได้รับเพียงพอค่ะ"
    }, 
    {
      "id": "109",
      "food": "〰〰 ข้าวขาหมูไม่มีหนัง🐷 〰〰",
      "cal": "2500",
      "content": "🍚 ข้าวสวย  👉  3 ทัพพี\r\n🐷 เนื้อหมู  👉  6 ช้อนโต๊ะ\r\n🌶 ผัก  👉  1 ทัพพี \r\n\r\n🗒 หมายเหตุ: ขอผักเพิ่มได้ถ้ารู้สึกว่าได้ไม่ถึงทัพพีนะคะ (เน้นคะน้านะคะ ไม่เน้นผักกาดดอง) ปกติขาหมูจะมีไขมันอยู่แล้ว ไม่ต้องกินเพิ่มก็น่าจะได้รับเพียงพอค่ะ"
    }, 
    {
      "id": "110",
      "food": "〰〰 ข้าวขาหมูไม่มีหนัง🐷 〰〰",
      "cal": "2600",
      "content": "🍚 ข้าวสวย  👉  3 ทัพพี\r\n🐷 เนื้อหมู  👉  6 ช้อนโต๊ะ\r\n🌶 ผัก  👉  1 ทัพพี \r\n\r\n🗒 หมายเหตุ: ขอผักเพิ่มได้ถ้ารู้สึกว่าได้ไม่ถึงทัพพีนะคะ (เน้นคะน้านะคะ ไม่เน้นผักกาดดอง) ปกติขาหมูจะมีไขมันอยู่แล้ว ไม่ต้องกินเพิ่มก็น่าจะได้รับเพียงพอค่ะ"
    },  
    {
      "id": "111",
      "food": "〰〰 ผัดไท 🍝 〰〰",
      "cal": "1600",
      "content": "เส้นจันท์  👉  1 ถ้วยตวง\r\nโปรตีน  👉  2 ช้อนโต๊ะ และ\r\n🥚 ไข่ไก่  👉  1 ฟอง\r\n🥒 ผัก  👉  1 ทัพพี\r\nน้ำมัน  👉  2 ช้อนชา\r\n\r\n🗒 หมายเหตุ: ตัวอย่างผัก เช่น ถั่วงอก กุยช่าย อย่าลืมกินนะคะ ส่วนแหล่งของโปรตีน จะเป็นกุ้งหรือเต้าหู้แข็งก็ได้ค่ะ \r\n\r\n 1 จาน 545 Kcal"
    },  
    {
      "id": "112",
      "food": "〰〰 ผัดไท 🍝 〰〰",
      "cal": "1700",
      "content": "เส้นจันท์  👉  1 ถ้วยตวง\r\nโปรตีน  👉  4 ช้อนโต๊ะ และ\r\n🥚 ไข่ไก่  👉  1 ฟอง\r\n🥒 ผัก  👉  1 ทัพพี\r\nน้ำมัน  👉  2 ช้อนชา\r\n\r\n🗒 หมายเหตุ: ตัวอย่างผัก เช่น ถั่วงอก กุยช่าย อย่าลืมกินนะคะ ส่วนแหล่งของโปรตีน จะเป็นกุ้งหรือเต้าหู้แข็งก็ได้ค่ะ \r\n\r\n 1 จาน 545 Kcal"
    },  
    {
      "id": "113",
      "food": "〰〰 ผัดไท 🍝 〰〰",
      "cal": "1800",
      "content": "เส้นจันท์  👉  1.5 ถ้วยตวง\r\nโปรตีน  👉  4 ช้อนโต๊ะ และ\r\n🥚 ไข่ไก่  👉  1 ฟอง\r\n🥒 ผัก  👉  1 ทัพพี\r\nน้ำมัน  👉  2 ช้อนชา\r\n\r\n🗒 หมายเหตุ: ตัวอย่างผัก เช่น ถั่วงอก กุยช่าย อย่าลืมกินนะคะ ส่วนแหล่งของโปรตีน จะเป็นกุ้งหรือเต้าหู้แข็งก็ได้ค่ะ \r\n\r\n 1 จาน 545 Kcal"
    },  
    {
      "id": "114",
      "food": "〰〰 ผัดไท 🍝 〰〰",
      "cal": "1900",
      "content": "เส้นจันท์  👉  1.5 ถ้วยตวง\r\nโปรตีน  👉  4 ช้อนโต๊ะ และ\r\n🥚 ไข่ไก่  👉  1 ฟอง\r\n🥒 ผัก  👉  1 ทัพพี\r\nน้ำมัน  👉  3 ช้อนชา\r\n\r\n🗒 หมายเหตุ: ตัวอย่างผัก เช่น ถั่วงอก กุยช่าย อย่าลืมกินนะคะ ส่วนแหล่งของโปรตีน จะเป็นกุ้งหรือเต้าหู้แข็งก็ได้ค่ะ \r\n\r\n 1 จาน 545 Kcal"
    },  
    {
      "id": "115",
      "food": "〰〰 ผัดไท 🍝 〰〰",
      "cal": "2000",
      "content": "เส้นจันท์  👉  1.5 ถ้วยตวง\r\nโปรตีน  👉  4 ช้อนโต๊ะ และ\r\n🥚 ไข่ไก่  👉  1 ฟอง\r\n🥒 ผัก  👉  1 ทัพพี\r\nน้ำมัน  👉  3 ช้อนชา\r\n\r\n🗒 หมายเหตุ: ตัวอย่างผัก เช่น ถั่วงอก กุยช่าย อย่าลืมกินนะคะ ส่วนแหล่งของโปรตีน จะเป็นกุ้งหรือเต้าหู้แข็งก็ได้ค่ะ \r\n\r\n 1 จาน 545 Kcal"
    },  
    {
      "id": "116",
      "food": "〰〰 ผัดไท 🍝 〰〰",
      "cal": "2100",
      "content": "เส้นจันท์  👉  1.5 ถ้วยตวง\r\nโปรตีน  👉  4 ช้อนโต๊ะ และ\r\n🥚 ไข่ไก่  👉  1 ฟอง\r\n🥒 ผัก  👉  1 ทัพพี\r\nน้ำมัน  👉  3 ช้อนชา\r\n\r\n🗒 หมายเหตุ: ตัวอย่างผัก เช่น ถั่วงอก กุยช่าย อย่าลืมกินนะคะ ส่วนแหล่งของโปรตีน จะเป็นกุ้งหรือเต้าหู้แข็งก็ได้ค่ะ \r\n\r\n 1 จาน 545 Kcal"
    },  
    {
      "id": "117",
      "food": "〰〰 ผัดไท 🍝 〰〰",
      "cal": "2200",
      "content": "เส้นจันท์  👉  1.5 ถ้วยตวง\r\nโปรตีน  👉  4 ช้อนโต๊ะ และ\r\n🥚 ไข่ไก่  👉  1 ฟอง\r\n🥒 ผัก  👉  1 ทัพพี\r\nน้ำมัน  👉  3 ช้อนชา\r\n\r\n🗒 หมายเหตุ: ตัวอย่างผัก เช่น ถั่วงอก กุยช่าย อย่าลืมกินนะคะ ส่วนแหล่งของโปรตีน จะเป็นกุ้งหรือเต้าหู้แข็งก็ได้ค่ะ \r\n\r\n 1 จาน 545 Kcal"
    },  
    {
      "id": "118",
      "food": "〰〰 ผัดไท 🍝 〰〰",
      "cal": "2300",
      "content": "เส้นจันท์  👉  1.5 ถ้วยตวง\r\nโปรตีน  👉  4 ช้อนโต๊ะ และ\r\n🥚 ไข่ไก่  👉  1 ฟอง\r\n🥒 ผัก  👉  1 ทัพพี\r\nน้ำมัน  👉  3 ช้อนชา\r\n\r\n🗒 หมายเหตุ: ตัวอย่างผัก เช่น ถั่วงอก กุยช่าย อย่าลืมกินนะคะ ส่วนแหล่งของโปรตีน จะเป็นกุ้งหรือเต้าหู้แข็งก็ได้ค่ะ \r\n\r\n 1 จาน 545 Kcal"
    },  
    {
      "id": "119",
      "food": "〰〰 ผัดไท 🍝 〰〰",
      "cal": "2400",
      "content": "เส้นจันท์  👉  1.5 ถ้วยตวง\r\nโปรตีน  👉  4 ช้อนโต๊ะ และ\r\n🥚 ไข่ไก่  👉  1 ฟอง\r\n🥒 ผัก  👉  1 ทัพพี\r\nน้ำมัน  👉  3 ช้อนชา\r\n\r\n🗒 หมายเหตุ: ตัวอย่างผัก เช่น ถั่วงอก กุยช่าย อย่าลืมกินนะคะ ส่วนแหล่งของโปรตีน จะเป็นกุ้งหรือเต้าหู้แข็งก็ได้ค่ะ \r\n\r\n 1 จาน 545 Kcal"
    },  
    {
      "id": "120",
      "food": "〰〰 ผัดไท 🍝 〰〰",
      "cal": "2500",
      "content": "เส้นจันท์  👉  1.5 ถ้วยตวง\r\nโปรตีน  👉  4 ช้อนโต๊ะ และ\r\n🥚 ไข่ไก่  👉  1 ฟอง\r\n🥒 ผัก  👉  1 ทัพพี\r\nน้ำมัน  👉  3 ช้อนชา\r\n\r\n🗒 หมายเหตุ: ตัวอย่างผัก เช่น ถั่วงอก กุยช่าย อย่าลืมกินนะคะ ส่วนแหล่งของโปรตีน จะเป็นกุ้งหรือเต้าหู้แข็งก็ได้ค่ะ \r\n\r\n 1 จาน 545 Kcal"
    },  
    {
      "id": "121",
      "food": "〰〰 ผัดไท 🍝 〰〰",
      "cal": "2600",
      "content": "เส้นจันท์  👉  1.5 ถ้วยตวง\r\nโปรตีน  👉  4 ช้อนโต๊ะ และ\r\n🥚 ไข่ไก่  👉  1 ฟอง\r\n🥒 ผัก  👉  1 ทัพพี\r\nน้ำมัน  👉  3 ช้อนชา\r\n\r\n🗒 หมายเหตุ: ตัวอย่างผัก เช่น ถั่วงอก กุยช่าย อย่าลืมกินนะคะ ส่วนแหล่งของโปรตีน จะเป็นกุ้งหรือเต้าหู้แข็งก็ได้ค่ะ \r\n\r\n 1 จาน 545 Kcal"
    },  
    {
      "id": "122",
      "food": "〰〰 ขนมจีนน้ำยากะทิ 〰〰",
      "cal": "1600",
      "content": "เส้นขนมจีน  👉  2 จับ\r\nลูกชิ้นปลา  👉  4 ลูก\r\n🥒 ผักสด  👉  1 ทัพพี\r\nน้ำยากะทิ  👉  2 ช้อนโต๊ะ\r\n\r\n🗒 หมายเหตุ: อย่าลืมกินผักสดไปกับขนมจีนน้ำยาด้วยนะคะ"
    },
    {
      "id": "123",
      "food": "〰〰 ขนมจีนน้ำยากะทิ 〰〰",
      "cal": "1700",
      "content": "เส้นขนมจีน  👉  2 จับ\r\nลูกชิ้นปลา  👉  6 ลูก\r\n🥒 ผักสด  👉  1 ทัพพี\r\nน้ำยากะทิ  👉  2 ช้อนโต๊ะ\r\n\r\n🗒 หมายเหตุ: อย่าลืมกินผักสดไปกับขนมจีนน้ำยาด้วยนะคะ"
    },
    {
      "id": "124",
      "food": "〰〰 ขนมจีนน้ำยากะทิ 〰〰",
      "cal": "1800",
      "content": "เส้นขนมจีน  👉  3 จับ\r\nลูกชิ้นปลา  👉  6 ลูก\r\n🥒 ผักสด  👉  1 ทัพพี\r\nน้ำยากะทิ  👉  2 ช้อนโต๊ะ\r\n\r\n🗒 หมายเหตุ: อย่าลืมกินผักสดไปกับขนมจีนน้ำยาด้วยนะคะ"
    },
    {
      "id": "125",
      "food": "〰〰 ขนมจีนน้ำยากะทิ 〰〰",
      "cal": "1900",
      "content": "เส้นขนมจีน  👉  3 จับ\r\nลูกชิ้นปลา  👉  6 ลูก\r\n🥒 ผักสด  👉  1 ทัพพี\r\nน้ำยากะทิ  👉  3 ช้อนโต๊ะ\r\n\r\n🗒 หมายเหตุ: อย่าลืมกินผักสดไปกับขนมจีนน้ำยาด้วยนะคะ"
    },
    {
      "id": "126",
      "food": "〰〰 ขนมจีนน้ำยากะทิ 〰〰",
      "cal": "2000",
      "content": "เส้นขนมจีน  👉  3 จับ\r\nลูกชิ้นปลา  👉  6 ลูก\r\n🥒 ผักสด  👉  1 ทัพพี\r\nน้ำยากะทิ  👉  3 ช้อนโต๊ะ\r\n\r\n🗒 หมายเหตุ: อย่าลืมกินผักสดไปกับขนมจีนน้ำยาด้วยนะคะ"
    },
    {
      "id": "127",
      "food": "〰〰 ขนมจีนน้ำยากะทิ 〰〰",
      "cal": "2100",
      "content": "เส้นขนมจีน  👉  3 จับ\r\nลูกชิ้นปลา  👉  6 ลูก\r\n🥒 ผักสด  👉  1 ทัพพี\r\nน้ำยากะทิ  👉  3 ช้อนโต๊ะ\r\n\r\n🗒 หมายเหตุ: อย่าลืมกินผักสดไปกับขนมจีนน้ำยาด้วยนะคะ"
    },
    {
      "id": "128",
      "food": "〰〰 ขนมจีนน้ำยากะทิ 〰〰",
      "cal": "2200",
      "content": "เส้นขนมจีน  👉  3 จับ\r\nลูกชิ้นปลา  👉  6 ลูก\r\n🥒 ผักสด  👉  1 ทัพพี\r\nน้ำยากะทิ  👉  3 ช้อนโต๊ะ\r\n\r\n🗒 หมายเหตุ: อย่าลืมกินผักสดไปกับขนมจีนน้ำยาด้วยนะคะ"
    },
    {
      "id": "129",
      "food": "〰〰 ขนมจีนน้ำยากะทิ 〰〰",
      "cal": "2300",
      "content": "เส้นขนมจีน  👉  3 จับ\r\nลูกชิ้นปลา  👉  6 ลูก\r\n🥒 ผักสด  👉  1 ทัพพี\r\nน้ำยากะทิ  👉  3 ช้อนโต๊ะ\r\n\r\n🗒 หมายเหตุ: อย่าลืมกินผักสดไปกับขนมจีนน้ำยาด้วยนะคะ"
    },
    {
      "id": "130",
      "food": "〰〰 ขนมจีนน้ำยากะทิ 〰〰",
      "cal": "2400",
      "content": "เส้นขนมจีน  👉  3 จับ\r\nลูกชิ้นปลา  👉  6 ลูก\r\n🥒 ผักสด  👉  1 ทัพพี\r\nน้ำยากะทิ  👉  3 ช้อนโต๊ะ\r\n\r\n🗒 หมายเหตุ: อย่าลืมกินผักสดไปกับขนมจีนน้ำยาด้วยนะคะ"
    },
    {
      "id": "131",
      "food": "〰〰 ขนมจีนน้ำยากะทิ 〰〰",
      "cal": "2500",
      "content": "เส้นขนมจีน  👉  3 จับ\r\nลูกชิ้นปลา  👉  6 ลูก\r\n🥒 ผักสด  👉  1 ทัพพี\r\nน้ำยากะทิ  👉  3 ช้อนโต๊ะ\r\n\r\n🗒 หมายเหตุ: อย่าลืมกินผักสดไปกับขนมจีนน้ำยาด้วยนะคะ"
    },
    {
      "id": "132",
      "food": "〰〰 ขนมจีนน้ำยากะทิ 〰〰",
      "cal": "2600",
      "content": "เส้นขนมจีน  👉  3 จับ\r\nลูกชิ้นปลา  👉  6 ลูก\r\n🥒 ผักสด  👉  1 ทัพพี\r\nน้ำยากะทิ  👉  3 ช้อนโต๊ะ\r\n\r\n🗒 หมายเหตุ: อย่าลืมกินผักสดไปกับขนมจีนน้ำยาด้วยนะคะ"
    }   
  ]
}
