{
  "data":[
    {
      "id": "1",
      "food": "〰〰มื้อว่าง〰〰",
      "cal": "1600",
      "content": "🥛 กลุ่มนมคุณแม่สามารถเลือกรับประทานอย่างใดอย่างหนึ่งในปริมาณ 1 แก้ว นะคะ\r\n😇 นมวัวไขมันต่ำ\r\n😇 นมถั่วเหลือง\r\n😇 โยเกิร์ตน้ำตาลน้อย\r\n\r\n🍎 กลุ่มผลไม้คุณแม่สามารถเลือกรับประทานอย่างใดอย่างหนึ่งในปริมาณ 2 ส่วน นะคะ\r\n 😇 กล้วยน้ำว้า\r\n 😇 เงาะ\r\n 😇 ชมพู่\r\n 😇 แตงโม\r\n 😇 ฝรั่ง\r\n 😇 มะม่วง\r\n 😇 มะละกอ\r\n 😇 สับปะรด\r\n 😇 ส้มเขียวหวาน\r\n 😇 แอปเปิ้ล\r\n 😇 องุ่น\r\n\r\n"
    },
    { 
      "id": "2",
      "food": "〰〰มื้อว่าง〰〰",
      "cal": "1700",
      "content": "🥛 กลุ่มนมคุณแม่สามารถเลือกรับประทานอย่างใดอย่างหนึ่งในปริมาณ 1 แก้ว นะคะ\r\n😇 นมวัวไขมันต่ำ\r\n😇 นมถั่วเหลือง\r\n😇 โยเกิร์ตน้ำตาลน้อย\r\n\r\n🍎 กลุ่มผลไม้คุณแม่สามารถเลือกรับประทานอย่างใดอย่างหนึ่งในปริมาณ 3 ส่วน นะคะ\r\n 😇 กล้วยน้ำว้า\r\n 😇 เงาะ\r\n 😇 ชมพู่\r\n 😇 แตงโม\r\n 😇 ฝรั่ง\r\n 😇 มะม่วง\r\n 😇 มะละกอ\r\n 😇 สับปะรด\r\n 😇 ส้มเขียวหวาน\r\n 😇 แอปเปิ้ล\r\n 😇 องุ่น\r\n\r\n"
    },
    { 
      "id": "3",
      "food": "〰〰มื้อว่าง〰〰",
      "cal": "1800",
      "content": "🥛 กลุ่มนมคุณแม่สามารถเลือกรับประทานอย่างใดอย่างหนึ่งในปริมาณ 1 แก้ว นะคะ\r\n😇 นมวัวไขมันต่ำ\r\n😇 นมถั่วเหลือง\r\n😇 โยเกิร์ตน้ำตาลน้อย\r\n\r\n🍎 กลุ่มผลไม้คุณแม่สามารถเลือกรับประทานอย่างใดอย่างหนึ่งในปริมาณ 3 ส่วน นะคะ\r\n 😇 กล้วยน้ำว้า\r\n 😇 เงาะ\r\n 😇 ชมพู่\r\n 😇 แตงโม\r\n 😇 ฝรั่ง\r\n 😇 มะม่วง\r\n 😇 มะละกอ\r\n 😇 สับปะรด\r\n 😇 ส้มเขียวหวาน\r\n 😇 แอปเปิ้ล\r\n 😇 องุ่น\r\n\r\n"
    },
    { 
      "id": "4",
      "food": "〰〰มื้อว่าง〰〰",
      "cal": "1900",
      "content": "🥛 กลุ่มนมคุณแม่สามารถเลือกรับประทานอย่างใดอย่างหนึ่งในปริมาณ 1 แก้ว นะคะ\r\n😇 นมวัวไขมันต่ำ\r\n😇 นมถั่วเหลือง\r\n😇 โยเกิร์ตน้ำตาลน้อย\r\n\r\n🍎 กลุ่มผลไม้คุณแม่สามารถเลือกรับประทานอย่างใดอย่างหนึ่งในปริมาณ 3 ส่วน นะคะ\r\n 😇 กล้วยน้ำว้า\r\n 😇 เงาะ\r\n 😇 ชมพู่\r\n 😇 แตงโม\r\n 😇 ฝรั่ง\r\n 😇 มะม่วง\r\n 😇 มะละกอ\r\n 😇 สับปะรด\r\n 😇 ส้มเขียวหวาน\r\n 😇 แอปเปิ้ล\r\n 😇 องุ่น\r\n\r\n"
    },
    {
      "id": "5",
      "food": "〰〰มื้อว่าง〰〰",
      "cal": "2000",
      "content": "🥛 กลุ่มนมคุณแม่สามารถเลือกรับประทานอย่างใดอย่างหนึ่งในปริมาณ 2 แก้ว นะคะ\r\n😇 นมวัวไขมันต่ำ\r\n😇 นมถั่วเหลือง\r\n😇 โยเกิร์ตน้ำตาลน้อย\r\n\r\n🍎 กลุ่มผลไม้คุณแม่สามารถเลือกรับประทานอย่างใดอย่างหนึ่งในปริมาณ 3 ส่วน นะคะ\r\n 😇 กล้วยน้ำว้า\r\n 😇 เงาะ\r\n 😇 ชมพู่\r\n 😇 แตงโม\r\n 😇 ฝรั่ง\r\n 😇 มะม่วง\r\n 😇 มะละกอ\r\n 😇 สับปะรด\r\n 😇 ส้มเขียวหวาน\r\n 😇 แอปเปิ้ล\r\n 😇 องุ่น\r\n\r\n"
    },
    { 
      "id": "6",
      "food": "〰〰มื้อว่าง〰〰",
      "cal": "2100",
      "content": "🥛 กลุ่มนมคุณแม่สามารถเลือกรับประทานอย่างใดอย่างหนึ่งในปริมาณ 2 แก้ว นะคะ\r\n😇 นมวัวไขมันต่ำ\r\n😇 นมถั่วเหลือง\r\n😇 โยเกิร์ตน้ำตาลน้อย\r\n\r\n🍎 กลุ่มผลไม้คุณแม่สามารถเลือกรับประทานอย่างใดอย่างหนึ่งในปริมาณ 3 ส่วน นะคะ\r\n 😇 กล้วยน้ำว้า\r\n 😇 เงาะ\r\n 😇 ชมพู่\r\n 😇 แตงโม\r\n 😇 ฝรั่ง\r\n 😇 มะม่วง\r\n 😇 มะละกอ\r\n 😇 สับปะรด\r\n 😇 ส้มเขียวหวาน\r\n 😇 แอปเปิ้ล\r\n 😇 องุ่น\r\n\r\n"
    },
    {
      "id": "7",
      "food": "〰〰มื้อว่าง〰〰",
      "cal": "2200",
      "content": "🥛 กลุ่มนมคุณแม่สามารถเลือกรับประทานอย่างใดอย่างหนึ่งในปริมาณ 2 แก้ว นะคะ\r\n😇 นมวัวไขมันต่ำ\r\n😇 นมถั่วเหลือง\r\n😇 โยเกิร์ตน้ำตาลน้อย\r\n\r\n🍎 กลุ่มผลไม้คุณแม่สามารถเลือกรับประทานอย่างใดอย่างหนึ่งในปริมาณ 3 ส่วน นะคะ\r\n 😇 กล้วยน้ำว้า\r\n 😇 เงาะ\r\n 😇 ชมพู่\r\n 😇 แตงโม\r\n 😇 ฝรั่ง\r\n 😇 มะม่วง\r\n 😇 มะละกอ\r\n 😇 สับปะรด\r\n 😇 ส้มเขียวหวาน\r\n 😇 แอปเปิ้ล\r\n 😇 องุ่น\r\n\r\n🥜 ถั่วเมล็ดแห้ง เช่น ถั่วลิสง อัลมอนด์ เม็ดมะม่วงหิมพานต์ ในปริมาณ 1 ช้อนโต๊ะ\r\n\r\n"
    },
    {
      "id": "8",
      "food": "〰〰มื้อว่าง〰〰",
      "cal": "2300",
      "content": "🥛 กลุ่มนมคุณแม่สามารถเลือกรับประทานอย่างใดอย่างหนึ่งในปริมาณ 2 แก้ว นะคะ\r\n😇 นมวัวไขมันต่ำ\r\n😇 นมถั่วเหลือง\r\n😇 โยเกิร์ตน้ำตาลน้อย\r\n\r\n🍎 กลุ่มผลไม้คุณแม่สามารถเลือกรับประทานอย่างใดอย่างหนึ่งในปริมาณ 3 ส่วน นะคะ\r\n 😇 กล้วยน้ำว้า\r\n 😇 เงาะ\r\n 😇 ชมพู่\r\n 😇 แตงโม\r\n 😇 ฝรั่ง\r\n 😇 มะม่วง\r\n 😇 มะละกอ\r\n 😇 สับปะรด\r\n 😇 ส้มเขียวหวาน\r\n 😇 แอปเปิ้ล\r\n 😇 องุ่น\r\n\r\n🥜 ถั่วเมล็ดแห้ง เช่น ถั่วลิสง อัลมอนด์ เม็ดมะม่วงหิมพานต์ ในปริมาณ 1 ช้อนโต๊ะ\r\n\r\n"
    },
    {
      "id": "9",
      "food": "〰〰มื้อว่าง〰〰",
      "cal": "2400",
      "content": "🥛 กลุ่มนมคุณแม่สามารถเลือกรับประทานอย่างใดอย่างหนึ่งในปริมาณ 2 แก้ว นะคะ\r\n😇 นมวัวไขมันต่ำ\r\n😇 นมถั่วเหลือง\r\n😇 โยเกิร์ตน้ำตาลน้อย\r\n\r\n🍎 กลุ่มผลไม้คุณแม่สามารถเลือกรับประทานอย่างใดอย่างหนึ่งในปริมาณ 3 ส่วน นะคะ\r\n 😇 กล้วยน้ำว้า\r\n 😇 เงาะ\r\n 😇 ชมพู่\r\n 😇 แตงโม\r\n 😇 ฝรั่ง\r\n 😇 มะม่วง\r\n 😇 มะละกอ\r\n 😇 สับปะรด\r\n 😇 ส้มเขียวหวาน\r\n 😇 แอปเปิ้ล\r\n 😇 องุ่น\r\n\r\n🥜 ถั่วเมล็ดแห้ง เช่น ถั่วลิสง อัลมอนด์ เม็ดมะม่วงหิมพานต์ ในปริมาณ 1 ช้อนโต๊ะ\r\n\r\n"
    },
    {
      "id": "10",
      "food": "〰〰มื้อว่าง〰〰",
      "cal": "2500",
      "content": "🥛 กลุ่มนมคุณแม่สามารถเลือกรับประทานอย่างใดอย่างหนึ่งในปริมาณ 2 แก้ว นะคะ\r\n😇 นมวัวไขมันต่ำ\r\n😇 นมถั่วเหลือง\r\n😇 โยเกิร์ตน้ำตาลน้อย\r\n\r\n🍎 กลุ่มผลไม้คุณแม่สามารถเลือกรับประทานอย่างใดอย่างหนึ่งในปริมาณ 4 ส่วน นะคะ\r\n 😇 กล้วยน้ำว้า\r\n 😇 เงาะ\r\n 😇 ชมพู่\r\n 😇 แตงโม\r\n 😇 ฝรั่ง\r\n 😇 มะม่วง\r\n 😇 มะละกอ\r\n 😇 สับปะรด\r\n 😇 ส้มเขียวหวาน\r\n 😇 แอปเปิ้ล\r\n 😇 องุ่น\r\n\r\n🥜 ถั่วเมล็ดแห้ง เช่น ถั่วลิสง อัลมอนด์ เม็ดมะม่วงหิมพานต์ ในปริมาณ 1 ช้อนโต๊ะ\r\n\r\n"
    },
    {
      "id": "11",
      "food": "〰〰มื้อว่าง〰〰",
      "cal": "2600",
      "content": "🥛 กลุ่มนมคุณแม่สามารถเลือกรับประทานอย่างใดอย่างหนึ่งในปริมาณ 2 แก้ว นะคะ\r\n😇 นมวัวไขมันต่ำ\r\n😇 นมถั่วเหลือง\r\n😇 โยเกิร์ตน้ำตาลน้อย\r\n\r\n🍎 กลุ่มผลไม้คุณแม่สามารถเลือกรับประทานอย่างใดอย่างหนึ่งในปริมาณ 4 ส่วน นะคะ\r\n 😇 กล้วยน้ำว้า\r\n 😇 เงาะ\r\n 😇 ชมพู่\r\n 😇 แตงโม\r\n 😇 ฝรั่ง\r\n 😇 มะม่วง\r\n 😇 มะละกอ\r\n 😇 สับปะรด\r\n 😇 ส้มเขียวหวาน\r\n 😇 แอปเปิ้ล\r\n 😇 องุ่น\r\n\r\n🥜 ถั่วเมล็ดแห้ง เช่น ถั่วลิสง อัลมอนด์ เม็ดมะม่วงหิมพานต์ ในปริมาณ 2 ช้อนโต๊ะ\r\n\r\n"
    },
    {
      "id": "12",
      "food": "〰〰มื้อว่าง〰〰",
      "cal": "1600",
      "content": "🍔 อาหารทานเล่น\r\n😇 ขนมปังปิ้ง 1 แผ่น"
    },
    {
      "id": "13",
      "food": "〰〰มื้อว่าง〰〰",
      "cal": "1600",
      "content": "🍔 อาหารทานเล่น\r\n😇 ถั่วเขียวต้มน้ำตาล 0.5 ถ้วย"
    },
    {
      "id": "14",
      "food": "〰〰มื้อว่าง〰〰",
      "cal": "1600",
      "content": "🍔 อาหารทานเล่น\r\n😇 ฟักทองแกงบวด 0.5 ถ้วย"
    },
    {
      "id": "15",
      "food": "〰〰มื้อว่าง〰〰",
      "cal": "1600",
      "content": "🍔 อาหารทานเล่น\r\n😇 ขนมจีบหมู 2 ลูกเล็ก"
    } ,
    {
      "id": "16",
      "food": "〰〰มื้อว่าง〰〰",
      "cal": "1700",
      "content": "🍔 อาหารทานเล่น\r\n😇 ขนมปังปิ้ง 1 แผ่น"
    },
    {
      "id": "17",
      "food": "〰〰มื้อว่าง〰〰",
      "cal": "1700",
      "content": "🍔 อาหารทานเล่น\r\n😇 ถั่วเขียวต้มน้ำตาล"
    },
    {
      "id": "18",
      "food": "〰〰มื้อว่าง〰〰",
      "cal": "1700",
      "content": "🍔 อาหารทานเล่น\r\n😇 ฟักทองแกงบวด 0.5 ถ้วย"
    },
    {
      "id": "19",
      "food": "〰〰มื้อว่าง〰〰",
      "cal": "1700",
      "content": "🍔 อาหารทานเล่น\r\n😇 ขนมจีบหมู 2 ลูกเล็ก"
    },
    {
      "id": "20",
      "food": "〰〰มื้อว่าง〰〰",
      "cal": "1800",
      "content": "🍔 อาหารทานเล่น\r\n😇 ขนมปังปิ้ง 1 แผ่น"
    },
    {
      "id": "21",
      "food": "〰〰มื้อว่าง〰〰",
      "cal": "1800",
      "content": "🍔 อาหารทานเล่น\r\n😇 ถั่วเขียวต้มน้ำตาล 0.5 ถ้วย"
    },
    {
      "id": "22",
      "food": "〰〰มื้อว่าง〰〰",
      "cal": "1800",
      "content": "🍔 อาหารทานเล่น\r\n😇 ฟักทองแกงบวด 0.5 ถ้วย"
    },
    {
      "id": "23",
      "food": "〰〰มื้อว่าง〰〰",
      "cal": "1800",
      "content": "🍔 อาหารทานเล่น\r\n😇 ขนมจีบหมู 2 ลูกเล็ก"
    },
    {
      "id": "24",
      "food": "〰〰มื้อว่าง〰〰",
      "cal": "1900",
      "content": "🍔 อาหารทานเล่น\r\n😇 ขนมปังปิ้ง 1 แผ่น"
    },
    {
      "id": "25",
      "food": "〰〰มื้อว่าง〰〰",
      "cal": "1900",
      "content": "🍔 อาหารทานเล่น\r\n😇 ถั่วเขียวต้มน้ำตาล 0.5 ถ้วย"
    },
    {
      "id": "26",
      "food": "〰〰มื้อว่าง〰〰",
      "cal": "1900",
      "content": "🍔 อาหารทานเล่น\r\n😇 ฟักทองแกงบวด 0.5 ถ้วย"
    } ,
    {
      "id": "27",
      "food": "〰〰มื้อว่าง〰〰",
      "cal": "1900",
      "content": "🍔 อาหารทานเล่น\r\n😇 ขนมจีบหมู 2 ลูกเล็ก"
    },
    {
      "id": "28",
      "food": "〰〰มื้อว่าง〰〰",
      "cal": "2000",
      "content": "🍔 อาหารทานเล่น\r\n😇 ขนมปังปิ้ง 2 แผ่น \r\n😇 ทูน่าในน้ำแร่ 2 ช้อนโต๊ะ\r\n😇 มายองเนส 1.5 ช้อนชา"
    },
    {
      "id": "29",
      "food": "〰〰มื้อว่าง〰〰",
      "cal": "2000",
      "content": "🍔 อาหารทานเล่น\r\n😇 ถั่วเขียวต้มน้ำตาล 1 ถ้วย"
    },
    {
      "id": "30",
      "food": "〰〰มื้อว่าง〰〰",
      "cal": "2000",
      "content": "🍔 อาหารทานเล่น\r\n😇 ฟักทองแกงบวด 1 ถ้วย \r\n\r\n🗒 สามารถรับประทานลูกชิ้นหมู/ปลานึ่ง 3 เพิ่มได้เพื่อให้ได้โปรตีนเพิ่มขึ้นนะคะ "
    },
    {
      "id": "31",
      "food": "〰〰มื้อว่าง〰〰",
      "cal": "2000",
      "content": "🍔 อาหารทานเล่น\r\n😇 ขนมจีบหมู 4 ลูกเล็ก"
    },
    {
      "id": "32",
      "food": "〰〰มื้อว่าง〰〰",
      "cal": "2100",
      "content": "🍔 อาหารทานเล่น\r\n😇 ขนมปังปิ้ง 2 แผ่น \r\n😇 ทูน่าในน้ำแร่ 2 ช้อนโต๊ะ\r\n😇 มายองเนส 1.5 ช้อนชา"
    },
    {
      "id": "33",
      "food": "〰〰มื้อว่าง〰〰",
      "cal": "2100",
      "content": "🍔 อาหารทานเล่น\r\n😇 ถั่วเขียวต้มน้ำตาล 1 ถ้วย"
    },
    {
      "id": "34",
      "food": "〰〰มื้อว่าง〰〰",
      "cal": "2100",
      "content": "🍔 อาหารทานเล่น\r\n😇 ฟักทองแกงบวด 1 ถ้วย \r\n\r\n🗒 สามารถรับประทานลูกชิ้นหมู/ปลานึ่ง 3 เพิ่มได้เพื่อให้ได้โปรตีนเพิ่มขึ้นนะคะ"
    },
    {
      "id": "35",
      "food": "〰〰มื้อว่าง〰〰",
      "cal": "2100",
      "content": "🍔 อาหารทานเล่น\r\n😇 ขนมจีบหมู 4 ลูกเล็ก"
    },
    {
      "id": "36",
      "food": "〰〰มื้อว่าง〰〰",
      "cal": "2200",
      "content": "🍔 อาหารทานเล่น\r\n😇 ขนมปังปิ้ง 2 แผ่น \r\n😇 ทูน่าในน้ำแร่ 2 ช้อนโต๊ะ\r\n😇 มายองเนส 1.5 ช้อนชา"
    },
    {
      "id": "37",
      "food": "〰〰มื้อว่าง〰〰",
      "cal": "2200",
      "content": "🍔 อาหารทานเล่น\r\n😇 ถั่วเขียวต้มน้ำตาล 1 ถ้วย"
    },
    {
      "id": "38",
      "food": "〰〰มื้อว่าง〰〰",
      "cal": "2200",
      "content": "🍔 อาหารทานเล่น\r\n😇 ฟักทองแกงบวด 1 ถ้วย \r\n\r\n🗒 สามารถรับประทานลูกชิ้นหมู/ปลานึ่ง 3 เพิ่มได้เพื่อให้ได้โปรตีนเพิ่มขึ้นนะคะ"
    },
    {
      "id": "39",
      "food": "〰〰มื้อว่าง〰〰",
      "cal": "2200",
      "content": "🍔 อาหารทานเล่น\r\n😇 ขนมจีบหมู 4 ลูกเล็ก"
    },
    {
      "id": "40",
      "food": "〰〰มื้อว่าง〰〰",
      "cal": "2300",
      "content": "🍔 อาหารทานเล่น\r\n😇 ขนมปังปิ้ง 2 แผ่น \r\n😇 ทูน่าในน้ำแร่ 2 ช้อนโต๊ะ\r\n😇 มายองเนส 1.5 ช้อนชา"
    },
    {
    
      "id": "41",
      "food": "〰〰มื้อว่าง〰〰",
      "cal": "2300",
      "content": "🍔 อาหารทานเล่น\r\n😇 ถั่วเขียวต้มน้ำตาล 1 ถ้วย"
    },
    {
      "id": "42",
      "food": "〰〰มื้อว่าง〰〰",
      "cal": "2300",
      "content": "🍔 อาหารทานเล่น\r\n😇 ฟักทองแกงบวด 1 ถ้วย \r\n\r\n🗒 สามารถรับประทานลูกชิ้นหมู/ปลานึ่ง 3 เพิ่มได้เพื่อให้ได้โปรตีนเพิ่มขึ้นนะคะ"
    },
    {
      "id": "43",
      "food": "〰〰มื้อว่าง〰〰",
      "cal": "2300",
      "content": "🍔 อาหารทานเล่น\r\n😇 ขนมจีบหมู 4 ลูกเล็ก"
    },
    {
      "id": "44",
      "food": "〰〰มื้อว่าง〰〰",
      "cal": "2400",
      "content": "🍔 อาหารทานเล่น\r\n😇 ขนมปังปิ้ง 2 แผ่น \r\n😇 ทูน่าในน้ำแร่ 2 ช้อนโต๊ะ\r\n😇 มายองเนส 1.5 ช้อนชา"
    },
    {
      "id": "45",
      "food": "〰〰มื้อว่าง〰〰",
      "cal": "2400",
      "content": "🍔 อาหารทานเล่น\r\n😇 ถั่วเขียวต้มน้ำตาล 1 ถ้วย"
    },
    {
      "id": "46",
      "food": "〰〰มื้อว่าง〰〰",
      "cal": "2400",
      "content": "🍔 อาหารทานเล่น\r\n😇 ฟักทองแกงบวด 1 ถ้วย \r\n\r\n🗒 สามารถรับประทานลูกชิ้นหมู/ปลานึ่ง 3 เพิ่มได้เพื่อให้ได้โปรตีนเพิ่มขึ้นนะคะ"
    },
    {
      "id": "47",
      "food": "〰〰มื้อว่าง〰〰",
      "cal": "2400",
      "content": "🍔 อาหารทานเล่น\r\n😇 ขนมจีบหมู 4 ลูกเล็ก"
    },
    {
      "id": "48",
      "food": "〰〰มื้อว่าง〰〰",
      "cal": "2500",
      "content": "🍔 อาหารทานเล่น\r\n😇 ขนมปังปิ้ง 2 แผ่น \r\n😇 ทูน่าในน้ำแร่ 4 ช้อนโต๊ะ\r\n😇 มายองเนส 3 ช้อนชา"
    },
    {
      "id": "49",
      "food": "〰〰มื้อว่าง〰〰",
      "cal": "2500",
      "content": "🍔 อาหารทานเล่น\r\n😇 ถั่วเขียวต้มน้ำตาล 1 ถ้วย \r\n\r\n🗒 สามารถรับประทานไข้ต้ม 1 ฟองได้ เพื่อให้ได้โปรตีนเพิ่มขึ้นนะคะ"
    },
    {
      "id": "50",
      "food": "〰〰มื้อว่าง〰〰",
      "cal": "2500",
      "content": "🍔 อาหารทานเล่น\r\n😇 ฟักทองแกงบวด 1 ถ้วย \r\n\r\n🗒 สามารถรับประทานลูกชิ้นหมู/ปลานึ่ง 6 เพิ่มได้เพื่อให้ได้โปรตีนเพิ่มขึ้นนะคะ"
    },
    {
      "id": "51",
      "food": "〰〰มื้อว่าง〰〰",
      "cal": "2500",
      "content": "🍔 อาหารทานเล่น\r\n😇 ขนมจีบหมู 6 ลูกเล็ก"
    } ,
    {
      "id": "52",
      "food": "〰〰มื้อว่าง〰〰",
      "cal": "2600",
      "content": "🍔 อาหารทานเล่น\r\n😇 ขนมปังปิ้ง 2 แผ่น \r\n😇 ทูน่าในน้ำแร่ 4 ช้อนโต๊ะ\r\n😇 มายองเนส 3 ช้อนชา"
    },
    {
      "id": "53",
      "food": "〰〰มื้อว่าง〰〰",
      "cal": "2600",
      "content": "🍔 อาหารทานเล่น\r\n😇 ถั่วเขียวต้มน้ำตาล 1 ถ้วย \r\n\r\n🗒 สามารถรับประทานไข้ต้ม 1 ฟองได้ เพื่อให้ได้โปรตีนเพิ่มขึ้นนะคะ"
    },
    {
      "id": "54",
      "food": "〰〰มื้อว่าง〰〰",
      "cal": "2600",
      "content": "🍔 อาหารทานเล่น\r\n😇 ฟักทองแกงบวด 1 ถ้วย \r\n\r\n🗒 สามารถรับประทานลูกชิ้นหมู/ปลานึ่ง 6 เพิ่มได้เพื่อให้ได้โปรตีนเพิ่มขึ้นนะคะ"
    },
    {
      "id": "55",
      "food": "〰〰มื้อว่าง〰〰",
      "cal": "2600",
      "content": "🍔 อาหารทานเล่น\r\n😇 ขนมจีบหมู 6 ลูกเล็ก"
    }
  ]
}
